cohort,index,variant,scenario,repeat,profiled,dagger_ms,native_ms,overhead_ms,ratio
codec-current,0,gzip,first-check,0,true,14406.060838,7760.392955,6645.667883,1.856357136
codec-current,0,gzip,exact,0,false,587.559216,129.713876,457.845340,4.529655840
codec-current,0,gzip,exact,1,false,525.292309,118.222657,407.069652,4.443245672
codec-current,0,gzip,exact,2,false,523.099793,124.895038,398.204755,4.188315256
codec-current,0,gzip,application,0,false,958.801683,306.046200,652.755483,3.132865832
codec-current,0,gzip,application,1,false,930.901613,290.172688,640.728925,3.208095219
codec-current,0,gzip,application,2,false,900.663435,317.246919,583.416516,2.838998209
codec-current,0,gzip,workspace-library,0,false,1177.607929,480.345525,697.262404,2.451585094
codec-current,0,gzip,workspace-library,1,false,1066.115314,485.733968,580.381346,2.194854353
codec-current,0,gzip,workspace-library,2,false,1075.890503,500.634354,575.256149,2.149054483
codec-current,0,gzip,dependency-upgrade,0,true,2218.144817,2323.476875,-105.332058,0.954666191
codec-current,0,gzip,dependency-followup,0,false,517.614901,114.450853,403.164048,4.522595397
codec-current,1,zstd,first-check,0,true,11869.159771,7575.732572,4293.427199,1.566734261
codec-current,1,zstd,exact,0,false,538.830170,148.979344,389.850826,3.616811267
codec-current,1,zstd,exact,1,false,673.610661,117.518806,556.091855,5.731939286
codec-current,1,zstd,exact,2,false,510.330282,119.229228,391.101054,4.280244790
codec-current,1,zstd,application,0,false,1028.034818,305.146532,722.888286,3.368987389
codec-current,1,zstd,application,1,false,922.576129,314.663802,607.912327,2.931942356
codec-current,1,zstd,application,2,false,945.914106,297.614965,648.299141,3.178314995
codec-current,1,zstd,workspace-library,0,false,1065.597656,485.978896,579.618760,2.192682984
codec-current,1,zstd,workspace-library,1,false,1066.849125,484.185282,582.663843,2.203390241
codec-current,1,zstd,workspace-library,2,false,1064.964692,469.898049,595.066643,2.266373938
codec-current,1,zstd,dependency-upgrade,0,true,2310.535900,1706.086577,604.449323,1.354289947
codec-current,1,zstd,dependency-followup,0,false,485.804824,126.602115,359.202709,3.837256779
codec-current,2,zstd,first-check,0,true,11862.012561,6613.090400,5248.922161,1.793716983
codec-current,2,zstd,exact,0,false,541.846806,122.569081,419.277725,4.420746257
codec-current,2,zstd,exact,1,false,506.581937,124.336136,382.245801,4.074293711
codec-current,2,zstd,exact,2,false,488.860940,123.212820,365.648120,3.967614247
codec-current,2,zstd,application,0,false,921.141701,296.987187,624.154514,3.101621017
codec-current,2,zstd,application,1,false,891.024797,295.607934,595.416863,3.014211374
codec-current,2,zstd,application,2,false,903.874172,291.783374,612.090798,3.097757626
codec-current,2,zstd,workspace-library,0,false,1063.536164,453.570641,609.965523,2.344808213
codec-current,2,zstd,workspace-library,1,false,1063.369690,506.110876,557.258814,2.101060737
codec-current,2,zstd,workspace-library,2,false,1062.537229,464.524012,598.013217,2.287367717
codec-current,2,zstd,dependency-upgrade,0,true,2274.929429,1635.855363,639.074066,1.390666608
codec-current,2,zstd,dependency-followup,0,false,494.469463,115.642995,378.826468,4.275827196
codec-current,3,gzip,first-check,0,true,12153.004342,6654.813987,5498.190355,1.826197451
codec-current,3,gzip,exact,0,false,612.623320,115.849751,496.773569,5.288084909
codec-current,3,gzip,exact,1,false,527.044261,119.805434,407.238827,4.399168246
codec-current,3,gzip,exact,2,false,497.527642,117.608028,379.919614,4.230388439
codec-current,3,gzip,application,0,false,922.982861,289.663229,633.319632,3.186399821
codec-current,3,gzip,application,1,false,894.636094,304.253092,590.383002,2.940433861
codec-current,3,gzip,application,2,false,886.391915,305.883226,580.508689,2.897811451
codec-current,3,gzip,workspace-library,0,false,1077.853493,483.673273,594.180220,2.228474371
codec-current,3,gzip,workspace-library,1,false,1065.249570,483.541328,581.708242,2.203016595
codec-current,3,gzip,workspace-library,2,false,1050.938343,447.736538,603.201805,2.347224883
codec-current,3,gzip,dependency-upgrade,0,true,2326.350556,1685.700853,640.649703,1.380049462
codec-current,3,gzip,dependency-followup,0,false,512.186891,128.693880,383.493011,3.979885376
codec-current,4,gzip,first-check,0,true,13188.092933,7177.937770,6010.155163,1.837309455
codec-current,4,gzip,exact,0,false,629.152530,117.553465,511.599065,5.352054318
codec-current,4,gzip,exact,1,false,528.266132,116.272978,411.993154,4.543326756
codec-current,4,gzip,exact,2,false,500.879162,123.326454,377.552708,4.061408933
codec-current,4,gzip,application,0,false,1025.374840,309.263384,716.111456,3.315539094
codec-current,4,gzip,application,1,false,897.154263,291.618951,605.535312,3.076460772
codec-current,4,gzip,application,2,false,919.397578,291.372681,628.024897,3.155400756
codec-current,4,gzip,workspace-library,0,false,1115.688500,501.473586,614.214914,2.224820073
codec-current,4,gzip,workspace-library,1,false,1092.295408,454.515714,637.779694,2.403207138
codec-current,4,gzip,workspace-library,2,false,1229.852199,470.566199,759.286000,2.613558308
codec-current,4,gzip,dependency-upgrade,0,true,2283.095993,1752.620634,530.475359,1.302675518
codec-current,4,gzip,dependency-followup,0,false,510.743054,149.109089,361.633965,3.425297931
codec-current,5,zstd,first-check,0,true,14486.280276,7617.082774,6869.197502,1.901814737
codec-current,5,zstd,exact,0,false,561.916204,121.774634,440.141570,4.614394522
codec-current,5,zstd,exact,1,false,544.148975,141.588711,402.560264,3.843166388
codec-current,5,zstd,exact,2,false,512.012472,118.691240,393.321232,4.313818543
codec-current,5,zstd,application,0,false,928.565920,290.322761,638.243159,3.198391738
codec-current,5,zstd,application,1,false,923.283255,291.111681,632.171574,3.171577492
codec-current,5,zstd,application,2,false,891.289059,310.701988,580.587071,2.868630049
codec-current,5,zstd,workspace-library,0,false,1116.001231,461.531969,654.469262,2.418036682
codec-current,5,zstd,workspace-library,1,false,1098.594207,451.164949,647.429258,2.435016748
codec-current,5,zstd,workspace-library,2,false,1111.049533,449.858464,661.191069,2.469775767
codec-current,5,zstd,dependency-upgrade,0,true,2229.694356,1634.649490,595.044866,1.364019852
codec-current,5,zstd,dependency-followup,0,false,519.582592,149.234149,370.348443,3.481660166
commit-instrumented,0,gzip,first-check,0,true,13076.036626,7924.786296,5151.250330,1.650017570
commit-instrumented,0,gzip,exact,0,false,538.771736,136.394164,402.377572,3.950108423
commit-instrumented,0,gzip,exact,1,false,524.548542,128.975967,395.572575,4.067025464
commit-instrumented,0,gzip,exact,2,false,514.544729,119.485810,395.058919,4.306324985
commit-instrumented,0,gzip,application,0,false,917.321825,305.508593,611.813232,3.002605642
commit-instrumented,0,gzip,application,1,false,929.062461,291.240092,637.822369,3.190022550
commit-instrumented,0,gzip,application,2,false,885.604114,323.264136,562.339978,2.739568097
commit-instrumented,0,gzip,workspace-library,0,false,1050.853733,459.845660,591.008073,2.285231382
commit-instrumented,0,gzip,workspace-library,1,false,1051.285345,472.995771,578.289574,2.222610453
commit-instrumented,0,gzip,workspace-library,2,false,1048.857299,484.801140,564.056159,2.163479440
commit-instrumented,0,gzip,dependency-upgrade,0,true,2198.634587,1679.618693,519.015894,1.309008167
commit-instrumented,0,gzip,dependency-followup,0,false,534.788353,122.831168,411.957185,4.353848960
commit-instrumented,1,zstd,first-check,0,true,11910.729779,6704.442632,5206.287147,1.776542874
commit-instrumented,1,zstd,exact,0,false,523.597669,119.302580,404.295089,4.388821005
commit-instrumented,1,zstd,exact,1,false,513.749480,119.032813,394.716667,4.316032420
commit-instrumented,1,zstd,exact,2,false,512.912516,148.931554,363.980962,3.443947923
commit-instrumented,1,zstd,application,0,false,885.373462,291.352841,594.020621,3.038835863
commit-instrumented,1,zstd,application,1,false,870.716752,288.193497,582.523255,3.021292156
commit-instrumented,1,zstd,application,2,false,884.745269,286.556686,598.188583,3.087505238
commit-instrumented,1,zstd,workspace-library,0,false,1049.123741,468.023456,581.100285,2.241605047
commit-instrumented,1,zstd,workspace-library,1,false,1099.753825,454.623425,645.130400,2.419043464
commit-instrumented,1,zstd,workspace-library,2,false,1073.027263,497.495491,575.531772,2.156858268
commit-instrumented,1,zstd,dependency-upgrade,0,true,2228.437259,1638.671674,589.765585,1.359904668
commit-instrumented,1,zstd,dependency-followup,0,false,497.947892,117.871520,380.076372,4.224497080
commit-instrumented,2,zstd,first-check,0,true,23315.616540,6728.351888,16587.264652,3.465279006
commit-instrumented,2,zstd,exact,0,false,515.711696,123.382332,392.329364,4.179785611
commit-instrumented,2,zstd,exact,1,false,519.172927,124.054149,395.118778,4.185050893
commit-instrumented,2,zstd,exact,2,false,516.656523,121.064841,395.591682,4.267601714
commit-instrumented,2,zstd,application,0,false,930.008100,296.334933,633.673167,3.138368098
commit-instrumented,2,zstd,application,1,false,902.216619,325.883317,576.333302,2.768526561
commit-instrumented,2,zstd,application,2,false,888.367955,297.980843,590.387112,2.981292173
commit-instrumented,2,zstd,workspace-library,0,false,1045.970876,464.335140,581.635736,2.252620545
commit-instrumented,2,zstd,workspace-library,1,false,1084.068742,466.407781,617.660961,2.324293861
commit-instrumented,2,zstd,workspace-library,2,false,1032.047039,457.167296,574.879743,2.257482213
commit-instrumented,2,zstd,dependency-upgrade,0,true,2177.701853,1609.955439,567.746414,1.352647285
commit-instrumented,2,zstd,dependency-followup,0,false,494.408628,120.161150,374.247478,4.114546407
commit-instrumented,3,gzip,first-check,0,true,12402.460334,6369.816019,6032.644315,1.947067277
commit-instrumented,3,gzip,exact,0,false,520.568028,117.474587,403.093441,4.431324606
commit-instrumented,3,gzip,exact,1,false,507.456547,119.452229,388.004318,4.248196549
commit-instrumented,3,gzip,exact,2,false,507.995400,148.140589,359.854811,3.429143919
commit-instrumented,3,gzip,application,0,false,961.833250,342.896792,618.936458,2.805022597
commit-instrumented,3,gzip,application,1,false,885.235818,288.011265,597.224553,3.073615256
commit-instrumented,3,gzip,application,2,false,966.097294,323.094024,643.003270,2.990142876
commit-instrumented,3,gzip,workspace-library,0,false,1052.710148,455.873835,596.836313,2.309213794
commit-instrumented,3,gzip,workspace-library,1,false,1109.861334,503.906797,605.954537,2.202513125
commit-instrumented,3,gzip,workspace-library,2,false,1052.592438,449.577635,603.014803,2.341291817
commit-instrumented,3,gzip,dependency-upgrade,0,true,2239.071275,1672.009762,567.061513,1.339149642
commit-instrumented,3,gzip,dependency-followup,0,false,793.614613,118.652889,674.961724,6.688540159
commit-instrumented,4,gzip,first-check,0,true,12487.970056,6542.360116,5945.609940,1.908786712
commit-instrumented,4,gzip,exact,0,false,519.489638,117.832566,401.657072,4.408710220
commit-instrumented,4,gzip,exact,1,false,516.162171,121.139171,395.023000,4.260902289
commit-instrumented,4,gzip,exact,2,false,540.880527,117.198272,423.682255,4.615089606
commit-instrumented,4,gzip,application,0,false,914.972630,294.771362,620.201268,3.104007878
commit-instrumented,4,gzip,application,1,false,900.738135,318.029209,582.708926,2.832249710
commit-instrumented,4,gzip,application,2,false,930.466125,294.737817,635.728308,3.156928196
commit-instrumented,4,gzip,workspace-library,0,false,1059.472091,450.452764,609.019327,2.352015962
commit-instrumented,4,gzip,workspace-library,1,false,1109.545448,458.449156,651.096292,2.420214834
commit-instrumented,4,gzip,workspace-library,2,false,1052.660734,457.649810,595.010924,2.300144589
commit-instrumented,4,gzip,dependency-upgrade,0,true,2238.553942,1783.723691,454.830251,1.254989185
commit-instrumented,4,gzip,dependency-followup,0,false,511.841817,122.665958,389.175859,4.172647614
commit-instrumented,5,zstd,first-check,0,true,11935.840223,11610.992942,324.847281,1.027977563
commit-instrumented,5,zstd,exact,0,false,531.673836,116.163033,415.510803,4.576962415
commit-instrumented,5,zstd,exact,1,false,549.802357,116.083435,433.718922,4.736268848
commit-instrumented,5,zstd,exact,2,false,527.828276,125.221530,402.606746,4.215155940
commit-instrumented,5,zstd,application,0,false,912.518376,314.154509,598.363867,2.904680181
commit-instrumented,5,zstd,application,1,false,877.399604,328.407624,548.991980,2.671678548
commit-instrumented,5,zstd,application,2,false,895.793042,344.027660,551.765382,2.603840174
commit-instrumented,5,zstd,workspace-library,0,false,1066.975797,453.060568,613.915229,2.355040082
commit-instrumented,5,zstd,workspace-library,1,false,1063.357598,464.456782,598.900816,2.289465111
commit-instrumented,5,zstd,workspace-library,2,false,994.341825,455.152083,539.189742,2.184636437
commit-instrumented,5,zstd,dependency-upgrade,0,true,2221.423520,1663.535488,557.888032,1.335362868
commit-instrumented,5,zstd,dependency-followup,0,false,516.636686,117.789947,398.846739,4.386084714
