"round","arm","flow","engine_ms","cli_ms","background_after_cli_ms","profile_sha256","receipt_sha256"
1,"main","initial",2328.817912,6233.375772,0.0,"fa23de2e2ad6d401a559166c14f4b64f19358d8ee5a197b45696aa3580741de7","458efaa2ed109fbc99a86de601bde42def7d85980a92ee4cce937d9d626f499e"
1,"main","exact",362.443927,865.40222,0.0,"bf54329bf8331d543e5bc9163784af0bfd1b086ba2e10094de0effd28fa9c38a","dcb52d70f050845e63464fd74f84653b12e2e9a35b70c34bd9639e8997b41596"
1,"main","leaf1",1120.252798,1570.650643,0.0,"eedeeba77394a7119cf1c75b9069de1cfd29b18db1f46ba26652e01a0ef2b941","0ee6f672ed0d5dd4196cd63998a42f0fb79844719fb09a3e3d6bdd999ba1ece5"
1,"main","leaf1-exact",364.633023,865.845127,0.0,"5a13544f8549d20ef409fedfb1b8cb46eda876c1347ed02124026ef8851cafb8","3b50bec2560d5b6ca27d196ab486f2661a91030f4ed25e458fd4ccc2774e5386"
1,"main","leaf2",1224.927659,1769.374131,0.0,"f2b81636975be997d8808024f7f8679e35b7bb088a655805b91785884a36cbdc","3155e84f7f2c0af461af9d271fee682f15f97ccac63fddc483d7a02edc03d135"
1,"main","ab1-exact",368.476042,966.96149,0.0,"68aaf8be592e5c526cfd75477fafbd30149ce13a0b68ccb8c2aef558e3741e32","00a2de8d738ab24af77945e820ea33ad3e8bf23c92259169f5e80df782213198"
1,"main","revert",448.368124,866.749323,0.0,"562ff8e97d4f3f27bd1165156b13d5508330f813e65c52367e728540f84a20bf","8a480d1b802f3d5a72ba9fb92580f8158acff527286499e0e3a32da06f9eb69e"
1,"main","ab2-edit",1104.598157,1667.152452,0.0,"ef946a8037654ff6d111aca9c29ec24fddb24ebc5c62d9af4e2576da302450b6","eee144746eeecdbb73207540121e849fb089bf2116bd8642a3985283cebffcd6"
1,"main","ab2-exact",360.059179,815.779336,0.0,"9bd3cf908b06e723fba2d69a9fd7149f67c1f85436a4b5d304dab023d1e52067","0e9448161b7478b0f89b6f899ea59cf1fd6b9fd78e9809308e2693d26877a5bd"
1,"main","ab3-edit",390.029697,965.774064,0.0,"ef301d7d6a742503992620014b8606dc9fd387b201c5577c59c4ff0401d42029","cb716e807f191fcf0489fd2bb66916b6ce8838a9e3e79510efb926022e206fc2"
1,"main","ab4-edit",1158.100106,1667.796239,0.0,"36e2af56081a9ca44adf34196e0289ebdd179abaab770e0547cd59c4d3d97586","73a16affa18dfa160a0953bb339589f30dd45f3bf71ac324c82350482ab7ba0e"
1,"main","ab4-exact",384.721939,866.250762,0.0,"4d6d81cb2be0b9a6946fda10e011cb9311e979906dc185fbe2b6a6bbdac0d353","8b1e01da469eebcf17ae119f955c616378024be297fec69e128c5049ff18fc2a"
1,"main","ab5-edit",385.439592,865.560103,0.0,"0361dc4933b956807f948ab35d77756f417420253e74269c5d23bb1ee4025161","c39402e5888ec3129c48ad7cba2be6178260614c746e669c7f53bbf33da82dc8"
1,"both","initial",2622.735891,5877.358008,0.0,"3b4f4697277fa1715d5ab4e2e8e5a286beefc283d40059693c23d333655e661a","363247ecafd958263a0fa070a951798faf8c9cdc5343dc686c4c9aa52fe4d964"
1,"both","exact",340.889659,815.367537,0.0,"6e03ca7ad41400fa882a44d56176bffd988b83f35b191118a01e3593442d6b64","cc54cb040dc812f6f5889d5d51cec3ad1e2c2e9f310049d513b7b5711d54d46f"
1,"both","leaf1",819.892922,1267.729268,0.0,"e71fcd84ed2d3fc9475f0b694548063af0208221c038e6b8c093cf6f1ed5c476","a359a19d1e4a6e339660128c458a0bcb234a5c9e8f18de5f2f927eb13982a9cc"
1,"both","leaf1-exact",336.924588,765.341635,0.0,"d72908272b08142e520e0a7cbec82d265ebc076ff56cc133e07220d9f2ec964e","eae25c96c17e84b0bfa73496648bf6f9f3cbeb6a0b5a58abe902a0c0805a05be"
1,"both","leaf2",930.450621,1366.503869,0.0,"e5e3caf3ce53dbd9e542147ab6accdf61f5414dd02ac49b7bd2525a7364148a3","26793bf5b423063d8cbe872fb035ac6543e3b9f6dfa5d165ca43060e347e8029"
1,"both","ab1-exact",335.605082,765.190816,0.0,"fa7791a538377bd6648922114a52015068118eba616001701f6fcc888ab3f446","08dcc308514921acf72d85df3a4774af63e7be334bd5a6c2ee6cfac0ac2ff393"
1,"both","revert",452.868219,915.855898,0.0,"947ed9ea92b30371a890a206a93672a65a9415679de8ec2374b637944e42eba4","b990da04721bcec7954a98110b00347b9ff1e47b413658163dd209504209380e"
1,"both","ab2-edit",845.170494,1317.17387,0.0,"e21e8a73a95a07b9e1d22aa6867c9a9d767ba8bb983080ed42da3b4bf12af041","734adea2f67d485cd2002f42c0a287781d33cfb3cba32ca01bec4c6808b6f672"
1,"both","ab2-exact",324.470544,765.323105,0.0,"a6e13cb931ad238fcafdc016fa627dadf7b0b0d046bbb17b45668dee55166b74","794952651908f8a149f4d8b5a8a330d0ed5968284a7dc9e5f89ddb383137553e"
1,"both","ab3-edit",379.511081,865.362977,0.0,"8767e76563368ec15d2ed498aea3283b5b67251b0ee2125dd51b3e4e76975da7","0502632c97f70fe04c76bc026cf385c36319c8609f2ed38698473fb7441c8e23"
1,"both","ab4-edit",893.66339,1316.329894,0.0,"0955d91d7d505cc2531ed1d366b158ab87f0fe0e0bfe569dc73271645c57b25f","23ee65057b2d50aa86c3cb5bb5216efb2ec9e307a76de24f05fdb4996dc0dd56"
1,"both","ab4-exact",339.900745,815.256673,0.0,"9728f7da95fa4830610ff2264b287c14e0243e4154255b77ee6fa922421e3871","445a7d6a33d86d34a220a2e3546cbecb202f96fb8f51661335323f1fcc2768b5"
1,"both","ab5-edit",346.096589,866.166576,0.0,"0da1879449a59cb18cc68de3389dd71f4465ab8aa2f2a928781139fe31ad6157","6b85c10e53e886d072b8f42affab842dfbdc3f1b6ce1321bd78fe8d65a820f72"
1,"async","initial",2482.966941,5830.94979,58.946709,"b043de1d7f70534b3fa6ed04281e0662479b8fab21182dfb074abe857fc7c2a0","b220ab45caedcf1f7467d6320e2e7c1dbc261bef2b487acf3f43661b10f9e66b"
1,"async","exact",329.367785,815.935915,0.0,"c6a8c97012716eb0c88819a8b695d5cb10f75ac3b8a8925768a21d5c3c44fe81","706b6899f7290e26d33126934f1efe6fcd88aad65cc0316fa8822f99a13952f1"
1,"async","leaf1",816.424901,1267.106203,0.0,"14f571990064ec391cf329ea4032eeef0b906e0f7da3ea93ea5fe4928733e4e7","6b7bda6b131e0aa5b2024e670950ea1cb55c43b4c33eca91ab6c38777a9c0a94"
1,"async","leaf1-exact",327.740533,765.211564,0.0,"1b0c67a8e1af769b22e2e0230bc81bf225a76673e3db1a84873ff2c8587ab65a","e6914fc8219ba289f253a5ec0a87a70a71c78f4b2033238a23884f7860f05bda"
1,"async","leaf2",921.802086,1466.746931,0.0,"3053c110b0e8cf3911dcdb97f36ebbe8049cd0e561a25126d23bb0ffdd30b558","e6df05457372594fe8d01aefd4e96f4270b8bddd5d58cdea26963be288318682"
1,"async","ab1-exact",321.306847,865.590964,0.0,"ea27ddffe0a67bf26cf22bf0ea0cb93ada520f39926f62f761966041199d7a23","01e48490dc7e764f81e25520a606bd96ebcf62845ca48fe4e5df6983d2ffb870"
1,"async","revert",430.797678,866.156376,0.0,"c6332218df9c60b5f6b2c9c127f976846f2f5797ad5a494e6e4649cc4eb2100e","bc07d75155e524117a6f7c3dfe352f793fe789dd2254e17e15fad703f16f9ee1"
1,"async","ab2-edit",840.21949,1316.490429,0.0,"15f380bcc6bbac15d0b76fcafbf1fc3949eb22b24a7f4551d56d9aeb3625c495","067c5bdb88a66b886b1262e331e78f75dd26dea2acde6e889586a09c00c6078a"
1,"async","ab2-exact",333.059051,781.268287,0.0,"32c24168de86d189c26c16a48a4ba43637339017e06d8a57b01574efd4fc765b","c5acbc09728b6ea7c4ff3dc516f33d990453e8ed7e1b81f04006e13f92507654"
1,"async","ab3-edit",349.063153,815.416174,0.0,"f62f9c43300b9a7550b17f47a7261d608f07fcde24c15fc3bba49424837e9118","30cd0451dc48c950a632fc8afb25e821d0f5d33b643ff1453bd351fd936e3690"
1,"async","ab4-edit",829.833929,1266.311017,0.0,"380fe7c48af34529f56e8771cb4e958ba9d04089246cf4242105efbe6ca5ef15","bd8de4970d6555b28cc355a19443c39984ddc9b746323d1908406598cc1615f9"
1,"async","ab4-exact",345.961343,815.270952,0.0,"fbf66e3093d63e6b618d15310e4609a1a160e06d9959ad595a2bbf0ad5238972","a935d81de655e107b8a216f5ec8218a76aadd7c56d6cb443d56cfbb12d62b309"
1,"async","ab5-edit",375.249772,815.388388,0.0,"c37d97fc8bc001c423fa1cc991f9d7fd150bfbc6dbcf9af8827ce9e5d4b5e6d2","036fc83e8107e1dc3efbfd584feedba833ce1e9efd9a2f07373a3f40be4b8cbc"
2,"both","initial",2554.180387,5676.21957,0.0,"6e2273e210c56b1076ff39c69e8640b4e1fa7543cae0e6f025b0aef7d4b0dda1","c93bc9a36a21dab60cb8e6b39015bfbf576521f1a4d0073e72b7ae755efbea33"
2,"both","exact",331.870202,765.247142,0.0,"a6acb7b496c629ab81edaea90048845a0de2cf52ef3b37634d7208537fce58e0","22a9df3c4204a2b73e702f719b269302ddb77a3a5c1d2d30dfbfeb1c67ce3103"
2,"both","leaf1",839.628603,1417.668071,0.0,"58e103ef6ef50c93c86e00467a212d16e5a95edfe802d7cf0e539d26e5aa2e82","f534f6cfb9c196dd26a93b055dadb5a94c874f800543d5604febdab4023da310"
2,"both","leaf1-exact",350.923023,866.005866,0.0,"fd48f96685a09a12d36c509880fd8d49ddd79f451d617f4b09ef57d69c674130","5ec4d6b864b05eb3a634205655399a9fb6dd6678cdf0ac9bd9607e74fa44c46d"
2,"both","leaf2",970.355122,1417.17021,0.0,"860d53acaa1a87fc694df453c4f982cbb0344dd6fe5817d117a554ccfa87f13c","203398d135c88e47cd4d9d064a300b9f1389d2bdb9e400483104fbf3bcd61e54"
2,"both","ab1-exact",324.355468,815.918796,0.0,"781adf1135a14c6a6c8540145d0d2db9d71461770f5b8c2fcaf06c9a165c44a1","c2cc0175754cd59c138c588e5cde9d508abfcd96e0cd5f250b1a4323c78c47af"
2,"both","revert",452.165987,915.648772,0.0,"b6e1ee76f2382f7d824d934333f5bf66a7d51fdbadff55f4f6ef28755fbdbaf6","46560e20bd776c6d6f5efe37f73b31dfe8587685685c7e07ffb6ecc24adf71d0"
2,"both","ab2-edit",850.864345,1317.039614,0.0,"d5a6384944db00fbaeccb97e170a3cbd30eb73aa26429c53bab2135f8292049c","29b334376c96b89bd4d21b25bd9621f5ee8a1db253995b0c7a40ed95d3f1ecf8"
2,"both","ab2-exact",347.899144,965.60887,0.0,"8b9cf715d51c9c14859135b70b02ea1b6c9a3e3f0e868e4d6b510c7c1f47092c","60f25df2c1abacb8cbe9fc5048ad7be3fa13fd62434e97fd405bde20cfb6541a"
2,"both","ab3-edit",349.441863,866.244767,0.0,"4d51a0cbc2d4718bbac15b4ae63aa90303fc6671b37478df6f1755a6324efca8","c174a532450d19bf236a7f727807a4f8c3e1819491ebb4a1f0add15bc9a83772"
2,"both","ab4-edit",833.041378,1266.398012,0.0,"332fe9dd9aaca0d0b6a3bac75cdff5d6fc6c3ac72f0e26aed08b4947e34b670a","1a612862587447f5434bddc895a580b4c4eccdcc42f91718e86bed9d71daef3b"
2,"both","ab4-exact",334.039382,865.61872,0.0,"ba49e004a10ea109ea122df3f02398b547be9daf04a353c0d63eb4ef1277156f","7a88eae28a80167c5f04d50cfd805549b107faa6b80a29fceb966ef8a6e9ac7b"
2,"both","ab5-edit",360.853188,815.658558,0.0,"91720b816d75f6f45806316d50a7993960b15de6b5b4d7efbdefa3d57f52cd1e","8312a46c5c0192a60601596d641fb48d731e13328744135ccfca4d76a5e1e45c"
2,"async","initial",2487.010483,5629.386323,87.677051,"c8ddb25b42c7c3cffe07fadbcd90fd4735f187dbe8353159c3751eef336b2f3e","21242fcd0a0ef2364282d25b2142309a185fb4159cccd8621dd1cd747cabe948"
2,"async","exact",349.192705,815.346027,0.0,"e992b25f580efac5eab581261fcb4ae09674093ceca385e79f262bf305ced5c3","dffc208506b723b0c124aaa5f8dcb0aea4c6a6db54aa9421339cf337ff8a47c2"
2,"async","leaf1",865.117737,1317.32022,0.0,"114a6704cdc60b5ee8c54f904f189878690c504ab93871e39b08127308b7bc6c","7c2bc143bbabed39e003288adafdb3b6445a25fc8b3bc27634a77b149d7ff815"
2,"async","leaf1-exact",360.389797,816.687278,0.0,"ad07291d5707096fa78e0e0e2ca6cfe3bcacd1619558fc66994002fc2d05af9c","237b7aa970bf4a00fc6f3e34e1a3c2deab7a2c40502fb2fbe7e35be6f9cfeb32"
2,"async","leaf2",912.130408,1369.344116,0.0,"99577abff3a2ca754187cdae819c8da73764e325d156d965cd28141d9c3787ce","0b8a13ac6ecc5d5238adec1c9c30b343c1fc35e79670d2a3686ce32e7204b478"
2,"async","ab1-exact",350.24822,916.775044,0.0,"a87ba8a7e04dec39f2c59914ab3b88bb2f26e67d7149893a72f4e7dd2f89d411","1be1792a8b36f609d803c1e5c7cac67533adaa2ccad7b2674d66c56c460e09ca"
2,"async","revert",420.595236,865.345367,0.0,"271b784681f5bd472225202ad1a371a24c3f0a6f16f18d8df542cd83d6813958","f1657f8f9c46b7fd42344303b0edebe52f63705f1677d10925e942e36cbab881"
2,"async","ab2-edit",843.421929,1317.349854,0.0,"395f2937a0ea4cbc94608a5a556290beb1c911744d17fccae6ea402dd20cc65d","4d4256636d34b28c1b12de14e24cbc5fc8b55b5eada36aafcd7cbfe0b0bdcd8f"
2,"async","ab2-exact",335.580127,765.469379,0.0,"9f8a87c71bcf6b875e40a5bba5d43709dc49ffef70c226207ba87b23bb94a568","5bd822380a05f6a51a658eb5d07b9e09a62aee54f30f7d476e1cd25e035a5319"
2,"async","ab3-edit",358.735469,915.642059,0.0,"bf0836e56ad2cfff955bd6659f1a591b8107084abeef852906357875d4b9bdb4","7f55cfb4dd32894535223bdeb6dc48b4f5c614c01076f3056c1995bcb3dcdc85"
2,"async","ab4-edit",836.834432,1369.323189,0.0,"70c45cb4b28c3b5c88052d81faa06d436761246184bd18fd7edccf08905b7cca","5dfcaac49a044b4cd094d42c456a0ebcc4e11324beb76c64910471f0d31b3729"
2,"async","ab4-exact",331.517465,767.65226,0.0,"531c5e0c42167bf20d7cfcf1f4fc5adcc5ba086aa614cfa9bb74476de46d55ab","a69e44180af6895b2f052d23cca77170ab3fb81432383fed6a4200d0786f7f03"
2,"async","ab5-edit",368.795798,816.203701,0.0,"9b4f7e38f1ce574bd7422470df37bbf6b7a018240146183a017acf95db78c241","ffe36b31f5896633d15ef3fa0e80572f76c7da30effccdd0a883bf5f530697bb"
2,"main","initial",2195.79016,5374.794751,0.0,"93224ffccdae236c6dcd9c31a7b0676e630ccff35b75cfa7a6729ef49a76d0b9","1c7622e9b485046c19fdfd6058fd7aef3dc8867eafc5001a1856ac7de709ce38"
2,"main","exact",376.965775,915.760176,0.0,"f57e40b2ee4c256c1b221ea4e059f791680c3eb78fa8d3592dfb4a08f65914d7","f87cd29096644dbdc020ddeddb7ed2763150ef984107a3d0ea2b5bb288d848d6"
2,"main","leaf1",1133.233649,1617.025885,0.0,"1cfc563ed3b1a5a01ce0a082fe4f883c174bf769281c62434b3d4d957072dd6f","6fab5992eae89d22b8f7a1917a218c1aec134a3d8ccd3ef8f5ea517da8643635"
2,"main","leaf1-exact",354.590589,815.619869,0.0,"ecdf574ae27f6ae0af3c9f72b90e84ce616127c16594c5ba1734916fbc198301","33f3a0dc20f8e95267988e460084d9c7bd06363294ad17418fb47ad3854d4e8a"
2,"main","leaf2",1243.789201,1717.983303,0.0,"597beb0c3365b16d3baa692663545e130ee3bebeacfc7bf65b5cbe73760d12c5","1f9d7dd6e6134c5d3c68a83138b8597bf46508f4a11df5e98e8ed23af932e6c6"
2,"main","ab1-exact",361.184254,815.229474,0.0,"39d42def19d0246d474f5e5d157a724e513c3b422292873143a349e5927caaee","2d985a8b586ff59c4bb8de1b795591157e68670004ebd092cbc57bbe838e25d7"
2,"main","revert",484.504379,965.598218,0.0,"722f5626112e7d77f5261720757bb035f9609b0777225c3ae7d06fd393bcd65b","b71bf6c297b76f1ab26264e5274213007b9d1442152615266331e141345af372"
2,"main","ab2-edit",1299.580813,1770.888695,0.0,"9490a2de2b8dd9b80671f180cd4d96ab8026f8689cacb0a09bc77fe4d833cf47","e08fe3945b40352487e1996e2640778e9e86ee4f1517356bf0a188659bd2a635"
2,"main","ab2-exact",378.830649,1016.787466,0.0,"c0d39e167e042fab44ebfb87fd2d9b67b11148b8f2be28b8e0b904658df89eb6","2853e47c33d5660f014b8e2632385bd6b4b96579ae0ae23604cea7d6bf2a5c04"
2,"main","ab3-edit",396.474455,967.385195,0.0,"cf2ade2a53e801a501be6e1fe8b250233d574050937a95f34980eec68f9b8c32","695a7e5345ca132b0e2344bb7d2209ae4f691ec780cb542dba6174d604235369"
2,"main","ab4-edit",1236.325002,1717.208373,0.0,"88976d228a6a2f5156251c63b5889adef5a0a1f82f816c0d8c7b9f57377a2824","bb3aef44257d0f52ca74f972c10a43c5403cbdc4874f683282b1f33588a876c5"
2,"main","ab4-exact",351.04563,815.263869,0.0,"8d300db7d37218232e89672660026173aac1c1c484c5686c072e8c581ed3d75d","239b47049f378a038dfe1a7d369dd3804154f5fd2c97acd56b4d8b56853dcf73"
2,"main","ab5-edit",415.793279,918.094072,0.0,"04b13e96e7f485a0106356688e5628dc54983215be25a06b4715ac1425405784","dab2737fafd938cc8c3022027d5dfde534c68229fc451475b9174f1c214a8935"
3,"async","initial",2513.288637,6027.597758,102.391848,"d3362d9c72111040e5d5ec463ff1a8c75cc320f9624ac8455694ecd8bde7aac5","7af562ab37a98733a57ccccd806fc53086c921bc069b922afaaeb8666fdaf4d7"
3,"async","exact",328.804773,816.345818,0.0,"8797d352880065a8ca699f09b212b659e00293174fc4148e6b0fcc6cc73a31de","5e35b0c17121d9e5f2cc2f83384a3dc4d8df1a3bb200e6e5838ffc9440b25972"
3,"async","leaf1",811.770127,1416.748926,0.0,"0bda85e7d55acf84d0e41b0f67b19a23360dfed5b7bc32929f5651ad092b9e91","95db2c75fbd723ea5ff40c267a85971092e7a24f7863a18332716e8a4b904e76"
3,"async","leaf1-exact",322.192303,765.291475,0.0,"5fef32ba29c0d3131216eeedc0ba54d3443dc471c29e4c8d7814142707feb04d","7f7e09de38ba455af1ff64bd96fd30c5e7d341649b50bb864cfbafbf1fd397b1"
3,"async","leaf2",926.018572,1366.604098,0.0,"b497cda297955f9c56bf11878cf2f2edec74d071b1b38dee3ad7a6edad53a62a","78434be6511230f0f4452c26f5ed2c31ea79c95ce8c4edea4e14f667286c62bf"
3,"async","ab1-exact",336.845655,815.206353,0.0,"a0846d0eb63b0e3ab1f0aa600470b1afc52c019cd6b5d41a9fc24e2bb5710617","0e280a71104abef16f7bbf0d2398b54a2094f5f99727ecbb7180085cd71d9f2d"
3,"async","revert",431.769939,866.450168,0.0,"cade52ab113c294d1be0ae7e98ca13b530d7f0e94dd1a038cbc8bb9623705baa","14008ab35d0621d4ca964c7da47bbd9aa2b89a9111f8b22486b0cda77fafde9e"
3,"async","ab2-edit",849.869759,1318.058334,0.0,"1bc4ddd8729239cbacad17b3de530a70cd55071dc7ee065661a8f4597e6beb99","fa6815f8927df7bb6fe3a3ef6be45a49700f274092ce7e244c3aa7fa11b043de"
3,"async","ab2-exact",336.199862,765.313161,0.0,"f5a4dbdd714a7ab796b6d084071690b6ab6d79ae0ba4bedff61c2d200255a050","065c59457a3346547f6876dec2490b13d695b67208569476ff7fcb477bb7e581"
3,"async","ab3-edit",383.650371,865.89217,0.0,"c4cc46c49815cf9750a5480b57559afb54f7da48f401923f57998f5f7cf63241","135eb60fa76f3201ba8d850c938f3935917b2864f53862a54c5f8c8ad89387ad"
3,"async","ab4-edit",845.891854,1316.329395,0.0,"f973119165f57afdcfc88a86737abe743ee1079939e776696e8a0e401e47e686","e8699c5869df6db333ac05ddf2c1090f3d877c24ba717969147d0340c4ce5ef2"
3,"async","ab4-exact",341.697559,866.392965,0.0,"66c729740b3d0ee66c1948ff0b2cf1ad165348a2d0ab8166ea843d2edada095e","3f6975e1b5d00560b93dae4651f9fd995a79e1ea987a235159980e0ff7992bb1"
3,"async","ab5-edit",394.158883,865.363741,0.0,"3c3169dcee911c81edd3f9467dd4a25cfa4d8cb8293a69aa0801531fe35014bf","b052547dab17dc2a540670b8740092feff32a46337e8c2094eb68e218cf075b2"
3,"main","initial",2225.351071,5329.143916,0.0,"5be821f04ee23ce180c96d345f1eae43049a8b8f90bd71ea42944c1735f320cf","ccd643ff44ae02dcbebf41f3ce9a84f49fa9717de600359b1415b01fca141f77"
3,"main","exact",362.857939,869.107122,0.0,"171c555d6af0d2e37d0b03cdafc72de483fab951e349af187c31fac59a8e3242","7c9f1ddc060c1398863e8df79f25cd067ef61a870ae427b8ce9ce13564f533d6"
3,"main","leaf1",1341.996593,1869.018321,0.0,"04f87a7edabfffae9ad1eaf719376a273dce5c5ea78813c30a51910944fa2ddc","478644506b3d407a284453be33623ee521814934a724318766324958e3fdf3a2"
3,"main","leaf1-exact",367.180666,865.970471,0.0,"16a652b476fdf22f7e3b8a6beedc20005f9b88b4bc09a895f7f608c023a49b76","49d91abb6b0765ac921c1915629f27563cc9de46e5f4732c27189f2c6c950e26"
3,"main","leaf2",1421.499834,1869.230039,0.0,"82a764edae6254b0137ce0c9345560296ee45626276329183e3a0834aec5e2fb","2f4dea87fd7887cc4a276c602ad36da7165ccb333d7ad0c68eef0f4dfe6b5cc7"
3,"main","ab1-exact",369.58745,815.231076,0.0,"876e1ae9abfaeee4acfea83151127f54c9abc75ff794c32536ec32c9e143ca23","67c667d357566712b0bec982c6ca93432252b5255d992de16df750e5518e4e75"
3,"main","revert",506.223085,966.599614,0.0,"7369e03f6d523133ab709e97e0a9d8ccd002b6b56aff544156316538d50c6f70","9ae6e4369f14c03a42cdc18aa229ed18f4617b85c343850a4ce5fac3f0218e93"
3,"main","ab2-edit",1348.907224,1817.836842,0.0,"6f1a34bfb2c324bc8d27ae13b7962bbaa04d1361d26c96cdee852799f43840df","7a5f156d590e36a6a1c3e92707d1c8cf2964cc6310d60d5428cad4d2925a3f53"
3,"main","ab2-exact",370.877458,815.349877,0.0,"1992d29b50284b90a100fdfcb7dc143aaaf1893a2c4bf21a6b38a343dbb05137","0beed0478fc146f4078d0ff8e6485a18f867aff87e6a20c3df0458ad1bf77f5c"
3,"main","ab3-edit",384.307431,865.986134,0.0,"6771a80913ec4a282d49e36194ccdfb5c0e9c47019f4b2738efc8caf8bdd67af","4b422e637b395592aefe49be217fbcb9e6a00dab48a5ac331d6332b5ddbb4015"
3,"main","ab4-edit",1152.867473,1617.976897,0.0,"582ab0beb895315f9c8e25bf0dec6bfc51065d54aaad38f6433d4a38d3dab61b","d4d17d0052d3459faab4232255e0bbb800544abd88ac3efaa8d3e87b37c953b5"
3,"main","ab4-exact",354.345678,917.033212,0.0,"497109a868f78b03f4d097a4c267c762739c7a27ed97fdfdf9a5de2fa5d06986","d1422a49c9509e7e4f2be4e136e85f2f4287058a3380a5e3189b51e5a43514be"
3,"main","ab5-edit",404.004926,866.320622,0.0,"ceaa81804109dc378616996534d68dfb3b371ad337247ab3d7f1d373ee2d3a94","584994b0a2db429ad4e0cd6e4afefe3bc353e95187df7a0267ada382a37ed12a"
3,"both","initial",2485.197461,5677.875277,0.0,"4b174b293347f7397aa43520fd466fa37979ef6e9ea2f56bda3e9218e000c963","49730547657eab5fe829d729a2ad5c5e5f44d2f4cb816ba6f704ed3850bd08b5"
3,"both","exact",339.926375,815.239756,0.0,"913efb2c5d529617e7302c9f36fdcb5cb6f3f1f3dcc300ac9b368a09de5f6a3a","91d84c55062a7581df8b3743efa3a1aebdced9f96a0bc6294aaa6425ddb562d2"
3,"both","leaf1",826.742375,1316.433901,0.0,"c6c3c6accd3a00085fd589230cff7f941e711fbed21471b747929d57a16e7fe4","5db325fdf0d82970197c73e48789388dc17e38e587e2a497479524793835241e"
3,"both","leaf1-exact",335.031481,815.299325,0.0,"066ec3506e3b086a457374b600d0c6079a6d993713574fa74f0601a2bc71c1f9","3532e188aba036c65fa77be16f6dc5735eb63003e5fce1e25b0fcc3156fad94a"
3,"both","leaf2",993.485797,1566.92658,0.0,"a9558f334aae4b4ce876ff2c010261d3e06d09b66e4be9940e0f246d62c32bd3","eb5da6972a632f70726463ea306a826081da767bcdc70bac23b165531d029d78"
3,"both","ab1-exact",328.334915,865.542196,0.0,"ced86d6eab120ebe22431fbd4d9e4115a96bb9f28695fb85a19211cf447be20a","c704d833fc3086422f2596ec88a9c98c2fad2ab51cef6e80a18782d3d04c2542"
3,"both","revert",431.039104,916.91731,0.0,"e563af9cf27883cda6d83ca91e10f412038dba2f2129b6d56c60d60343be8429","f1735cf4de444a2e04c5411d831c65916d6d8a6e5ff1fc0f02a9adde1a8243ea"
3,"both","ab2-edit",848.523807,1316.256356,0.0,"e2d37fbd5e97edaa11ee441b82fe068aaa12e825f9332a9fc4200686f05e9d66","72c65c26b3a7850b1486e471a26f989df2b32a3a14c02b88d7f718cfd5378013"
3,"both","ab2-exact",331.716692,765.317279,0.0,"03eb88ba9f728947b990bcb064acd38fbcb6978eb8482663c221bb4a8e40886e","f1e9ca10ba1cb1fa2b0ed991e1ca0f9fc6bf0f48bec2cf5b1e39dfbd0958bcbe"
3,"both","ab3-edit",365.869433,865.3947,0.0,"727b7af2bff5a1e58574ce1802feda8e6299098b6cee4f58554817a5f37736b5","5f2d6794f4b16bf7177dd1d438d39a47852a96a9a8f373e35d393319525a2449"
3,"both","ab4-edit",826.346206,1266.273904,0.0,"fa3375bfd237d284041a29cbecde3bffe0abe35d36399c8080af845aa3d21b59","b29a4a0102bc4ed50240133d59a482aa742a647afda98ff5d8f763d41d8e65f5"
3,"both","ab4-exact",342.415687,815.258738,0.0,"853b36c4ac31be49f9a6790303bc57526a4494dc72784b0d8b4e642269be6281","b905054d59fecf729c7e27ad10220b8e0550e39e0cbcfa0a1cb303a96a990ac7"
3,"both","ab5-edit",376.791543,815.238995,0.0,"669e60563c1176799c99886bba8abde0c998e68466e278b8b95c9244e5bf87da","ec4802cc282656ab4805cf73217301fe1833aaf85bae69f8b57a32b788441fcd"
4,"main","initial",2199.364763,5276.266688,0.0,"725bd23c4da684c69c4be28ecbd6b77baf2c332197652155b9421bc3f2da68fa","6992c43ca55dad898aaf3776916e3ee6a716d96e99e1e1692215477a158d8a3f"
4,"main","exact",367.445015,817.073428,0.0,"ed48ba42b186c25b48b1c85cb5ecff06386ab157ad71df88cdfcbe210d432801","397030335fec00fdc2442f054b3132680732dba589899186c24b466927050d90"
4,"main","leaf1",1639.202806,2118.785661,0.0,"bf4491b3c8d52cfe6d3eee9921466bf1bbc2044d1c9b2bd86868ef133e8233fb","6bf4c98b54a75628ff513cd8e4fdc04f842c72183e813ab7e57e2ca0eb83f202"
4,"main","leaf1-exact",361.210128,817.804022,0.0,"76056053e9a386119a73173890f97b8e26ac1f87e3de222c4ad197b908a6ec6b","7b82cc8f2c7dae678bc0de031382250bc4e50e6a57c1cf9876cd52ce35aa1717"
4,"main","leaf2",1425.557081,1917.801073,0.0,"e8f2bdafcbbd3bbc0dfa21fc324cf9575e2961a2d19d079b9accc5f05656fdc3","439f8ad99db18e217152b0677bd876091ee64317d8efb8c248631fb59dca5a90"
4,"main","ab1-exact",389.12979,866.377931,0.0,"f24e9cadf312bf9b00166832e132f342e04f5dafbe52409b3802178d0f59babb","56d55e910dc3cd354b46bf5d9de6e69d7716564dc2f2d3e9e883248c8d757a84"
4,"main","revert",463.993868,915.514424,0.0,"ff994ff07479d5bc1be1d0fcfe24113c0a41e9c74f6f8e955a8c288a71eab05b","6400493ea1e06ea627eebd682de7c9147c863bc0aa0bfb39c04f00fa969040a5"
4,"main","ab2-edit",2060.825976,2769.649211,0.0,"4117a5f51e4b6bcd21b6d75295291be2e1a3fc3487aab0e63c2426423338d5a6","27bf7d26150a193cb3ace07048f5fc681093956d9887767bd1e07430c8aaa515"
4,"main","ab2-exact",370.831148,815.339938,0.0,"9c35c4d0f0f44a40fd2898131bf37a91b7049957c964e19353fd036e20d2f637","ae744f192f2cb4189c1bef7145997cbf7059e43b07f088926a02ec41fad30837"
4,"main","ab3-edit",399.586123,965.79536,0.0,"7dd19e221066112161cb88dd34d5964acc5a4d074c0ebee47ff92d58ec21c976","53f1e6f235c431cf97ec05d09da11f22c49c399aeffad9755f80ea532e3ff212"
4,"main","ab4-edit",1250.14848,1817.732626,0.0,"e2f8ed60af70729132e6eacafc49e7800bf1382a99923e6318a67ea1f9f85556","0e928595bd4f37c96d7f04a2d5f8d08c8c97a4a9f5014e412d34ec8327a80c0f"
4,"main","ab4-exact",386.606309,865.581848,0.0,"1b1b1d1c015ebeefdc0cee3993681034291d38a48463afb276ce74857861c9fe","76a6cb50a814501bba7ffb2b28f34d261213a07cb511bf34049fa88b1c2e8c19"
4,"main","ab5-edit",388.069325,865.519839,0.0,"2de332fcfcd97e1086a5eb702199787e19839160adc76f2c11c0f735bd5d56fc","49db21855fd1100bfc0ab9062a3b7e6ce6b8db23a0924f224c92cb9019fc26a1"
4,"both","initial",2624.905125,5928.60073,0.0,"e3b3e071a75cda7dce2544df17f0b18a3cf6b5317b12b3d16bf38de7fa244643","62155a3b5ecdd99dce84b77392f4b5c10e45947dcabd9380e0a109b452037322"
4,"both","exact",341.62032,815.427155,0.0,"b8c9e4f6ffd259f1d58f9e2b3e9d711bb92c4e3879adcc703b87e9694f145e2d","d7c3cc5be2827a9f57adc3e263b2578db03f2ca5c20f734688d63c08e0a018cf"
4,"both","leaf1",838.070391,1316.665655,0.0,"348e787ce2853857932e0f8b2898f34b9022a482a7fab25db3f386977b289ef0","849726b25dffc3a7439562e3619e9c8ad420e1945be9ce0aefaf79e569654835"
4,"both","leaf1-exact",339.953268,867.382676,0.0,"316454e16fd2a2cdddf7d13b71c7d4088283f5936228e488e0f3b0bc533ef8fa","88f8c02b025d9ef2356e4bbdcde0342a1280ce867caf05b887e962a2f05d2dbe"
4,"both","leaf2",930.142389,1467.210158,0.0,"2ce6993b2471763f2df6ae201e5be0644f68f7534f760ffe46a886ce5dc64477","230da42ec9971570bc87ccfe67dbb187df8206914ebbb849e794a212401c845c"
4,"both","ab1-exact",337.707742,865.24628,0.0,"bd04650fc3ccb365650ea046399af7b49614d1a2493d67e633050541344fd86a","e75a5dd7fc519eeea4de6202dcd87975cfaea8599245f55574ba14a377add2ad"
4,"both","revert",442.340218,967.926819,0.0,"1d45cd84f62c5074b0de11c67b0ed0c2637e153c770715b6561e4f99ee5b1332","189524dc42a54c2e64354d2e631a2c60220f93cd3dfd532175b90fc06382efb5"
4,"both","ab2-edit",837.96583,1316.384929,0.0,"0c51782c6968cae1b1c36ef2025fc9e609436c95b149fa528ae7b74feda0ad8d","04aef444c491ad2ee7ef3a8bd024d03f03f9df122dd249acc9dedc85cbb9577c"
4,"both","ab2-exact",383.635238,916.797575,0.0,"e5eb901134e92723b5ec7d781df2d794a44317520d9cbf48fbe707f03215600a","f7c0658587a5f2c03e416a294ea61ab4fcb908299c19457e3509292cc2e3ea32"
4,"both","ab3-edit",357.289458,815.469999,0.0,"973e8183b7f283097ad40349af21c8f7a88d566d46d673b92d6a8170af8716f6","7d0a8eff1f07534533d7f1575d9b20b5748d4d703c41aeb539bb194de55329b5"
4,"both","ab4-edit",832.824458,1316.53473,0.0,"0e30292d5bd77d9fa339234cb0d005f1f5b9c40f5f399e5085fa8dacbad563c9","4086977f9dcad983036b5785e27f51cc4e160b80100a5f04bb317ebb5da02b9b"
4,"both","ab4-exact",384.304038,1066.9527,0.0,"b1037bb4cfa5f6261ba345834ea116d567d337e84253caca02a83167ce8e9694","c16837fc552d68eb5a6ec9d335ccf187dd51f0c954c298ee6808fd677d98b7aa"
4,"both","ab5-edit",442.958157,1117.512959,0.0,"9f6528c31f332b8fe9862a0ca5ef80725ee75428d4ca0fde396085b05632171b","0de8da2d1d9124842e966bcee66eee9ff2e10d7ddd7d8ee3c06fa1e8636ec57a"
4,"async","initial",2430.022888,5676.49033,75.481269,"3376cffb8fbfa05b57eaa131f788ca350111cb10c121099e6378e66adf81b000","ff4071238af4ba64f764a45f7fc5c56a20402e9008d5ac3d0855e5bec34ed98d"
4,"async","exact",355.6359,866.860642,0.0,"d72bdfac13058550706ed4a82c9c04a35fce4778a34d3d57b94626741c64b5af","d23f45f34c13a611e0ce0e2028354d295a58d3ffd2ceba2bea000a0bc3b3142f"
4,"async","leaf1",821.39712,1366.673749,0.0,"2e914dd27067270a91b33492f797c96133993e985cbca442130f6ae18fa3a9a4","306e50a945585dd36fda351a033c38505ea30adefc317f3ffc03688340f6ae6a"
4,"async","leaf1-exact",336.137178,816.37314,0.0,"3fa606e5718c6c35c012d070d67a853521b0676c8e9aa7263f9da4dd65cf3c58","b0e689b50bc8360a21e87d2132f827aa89b5ea5a44bee4f36637b60813b75e60"
4,"async","leaf2",961.186693,1517.171475,0.0,"f61dab0ebd43045b87a25dfee8a937f6601d49740a6c4cfc1d78e76a8b130d53","d3cb7b241658b761fca63f3ab6ec841c9508659a84a901c052d73d90d6b0c006"
4,"async","ab1-exact",334.863454,815.318744,0.0,"6a767b4d85619831ab25ffb64190158fc42f786576f50c7b10ce35d934b23a72","89365b5d9d5efbd6bc4087d2eef57a697ab8923a6c5609f8cbf5f7a8be207639"
4,"async","revert",419.8329,865.853222,0.0,"1859c1d129369817d96640a136e42f5d93a8a190f39ec14901e1217494d110ad","496b0c68b612b09bd10da5af17c24044ce84fca0f1efdc7925dd7e4ee5cff29a"
4,"async","ab2-edit",880.821924,1367.251752,0.0,"c0c05b56da8cf735cf9fd28e18b45c7cbac515a591c9fd749ef997f48e0a6773","331da792015a5b260cc25fe45925d97780b6b6f92bba2b281f9d740d8618de89"
4,"async","ab2-exact",401.33333,916.225119,0.0,"65d2bd138962428ca87fdb1be2f1d6d2c82b37a3ec996e54ea27eee85f6bac19","4d1807c7f70bf6fb0a5d942ed45ac0e5fa7cfb88ac2690f8b4e2c374c8f7504c"
4,"async","ab3-edit",349.158333,815.628403,0.0,"231ae45938843eea094f707e770085c49034bf413a4a45b830f106848575547e","64461f6d4de432c75a9cadf324e412606fa23ba5ef034c9ee95da4f1b7906b39"
4,"async","ab4-edit",893.043448,1375.164092,0.0,"c1af98578d9336bef58ddf20707ebb18da76c8ea24284eccac1cba5404df46f3","5b3dd232cbdea766bd130a7606891e3d9bff510ace32acebcde41930199cf278"
4,"async","ab4-exact",386.707278,1020.966919,0.0,"894001b787276af0c6d2b9420c09d33e4a957ddf75f6a9545bdd91b563d1afb7","0f3f0ff15bb2b4536333d22a0d805bb43b6b47e5ea69c8b1213b7cafe244cba2"
4,"async","ab5-edit",371.54798,916.784172,0.0,"6f3381993a51323cea1f6b2a716cc2050cfae479ae8248ca250f267be054395c","fcef3bcf11051c9003e1788cf373e14ecb7b81d6b9601c59b394360d69cae3fa"
5,"both","initial",2482.741604,5682.833834,0.0,"df802b7109081626c827b35c8c4d33d5bd544947e64992b5312fb426b3b0f63e","5d120469c0b43749155eff7c8194aa2a3da79fc0ae4565368ac5edf4d25309ab"
5,"both","exact",348.975347,866.859283,0.0,"44f946c0e76f423698884e0ecd393d24aca405c709d61376143daabeb09a7431","fa71bfa156fd3a02cfe2a46049127c0bc81602e023d0ebbdc1357a0ef9a0b1e9"
5,"both","leaf1",812.350278,1266.01606,0.0,"90bb96219f13889656c17a0b88fabdbee1f161849710001646c6e7d3fca8352a","63aba930febb70fc60dbc241bc8bea8279f2bf1c4d8d5caaefb2efc76fa42b64"
5,"both","leaf1-exact",355.647935,865.617718,0.0,"dd899b1184132edd801cf649426d6aa6b67b5bb4c457109a8d31f4c7f564c6d3","80060e953972e5f3c7dd33f891e63cd17e316c105f65940c89725bd8e6d2e957"
5,"both","leaf2",917.46587,1367.365863,0.0,"624283c0d113f970d35bacf98094feb64ad8ace5f71dd4ba07cacb407f215615","33b9c4d43cf543d1200240d47927809c678d0b4f1262fdc5795fd6cfdd0198bc"
5,"both","ab1-exact",365.304716,866.376093,0.0,"0c5bcd4aeb796fb84118aa6595cb5ece1cc5d8b890e58da5c8e3b4ecc811adea","6ef72fed4ae33f712e9076d43fc53f324490b947095892cd47190dda6913c4b8"
5,"both","revert",428.306702,867.258645,0.0,"d7f29a28420a3882a739d32c0e10e74675fcadfd2e605e0166a69d64f031dead","a6a91832c4beada4cf1afb632330a96ab35ce8ef7fb885dbbd95f985e179d92c"
5,"both","ab2-edit",842.307628,1316.449218,0.0,"d20f12e35ab8087cfc7b0f09271e290b1a5a85975384570003542cba50c79639","9a5378a1bdedf6ae163e57097f4b7d373d70128a8bd28fdd8b7cd3d3a17228bf"
5,"both","ab2-exact",328.71358,865.686602,0.0,"849ebb2f003fb3639273338f3d388067713be4a4162a464b3983e8156c77132d","f29b54d6bafb91bd524c6d548f92472b7f02709813cd0aeb13a4f866fb3b9786"
5,"both","ab3-edit",360.125196,815.349394,0.0,"d7950886bb356236a57f5235a3205106867069f84e1c29bcd8083fc544146aa5","b820ee79fe3bedea61bd8858adb2054600a702c7edc9fdb5717b26ea279c3e6c"
5,"both","ab4-edit",853.320149,1315.998995,0.0,"0efc93ffaf7956fddcfc37ac3ee0dd49cf3da462771f5a23699836ffaa030b77","c3a089e9b732b8af158016b954ce3234f3ed7b32ce4e85a7d2d94393e8f4a40c"
5,"both","ab4-exact",333.920072,915.832386,0.0,"21d9b58cd1b1cc46be684d133b9d233512506084446395630d35517239ca6a75","b517564f18fd1a482e9b5c369c276417d157f0134ceead10be5976764f7960d1"
5,"both","ab5-edit",357.538575,1018.574438,0.0,"635251f63460431dec4fdd2c46a6b3120d99e45b2e94553a2430a1e120e193fa","e66c04b0f93e8d6bbba14c8c4029fdf8a12eecc8cb245262b8f183b4c439f514"
5,"async","initial",2489.098486,5582.20968,82.376933,"96c85c1120c91a1262e8c7b0f970e0fcec46ff6d91168854cc23a7734a7a381c","520b434ebda3a61e617a2a8a3f1a7cbb1c7cb708be9e3f86e8e10576b02198e2"
5,"async","exact",340.465669,816.205853,0.0,"b10e4a221fe9055f12660220fde618901d5daf3e85afff375bd1f5ec3b4e541b","b52bd99b2650f49621fe486baa261d024d26486ff6c4b3a3f1c8b400d2dd58d1"
5,"async","leaf1",799.788307,1367.07825,0.0,"dc637b99b4ef850d8cca0e4fcb82a62e6e993f90192451ae2fe9c6c9f7d31f96","c575cbac70e6270bef21006f104fa292ca8eb21760f8bf4a359ab57eeb2c8522"
5,"async","leaf1-exact",337.838297,815.533921,0.0,"01eeff68f4f2c89c52ca2ec3cdc45ed21aad7ac3554092890007bca6257fbc89","811f2b98ac33d2833b6354db506b6b90291040a135933290660cbc9d52ef1813"
5,"async","leaf2",929.402203,1466.842234,0.0,"0c6e74e90c35b6542e364eeee04a4eb34de339971f2564a300a15f06a69659f7","a820b5919faf1809763285ac262375e3c2a54cf56a6c58217a2d979ff190bf60"
5,"async","ab1-exact",328.807677,765.424905,0.0,"a363735b369494bdf49a484b6b8d6b785d59e9333a7db6a187e1c192bd56d73d","7681741be19a1a68a740e57c7f5ed00d0e5f5a658efaa651e6c99bf1a6402c24"
5,"async","revert",850.647901,2325.551494,0.0,"085585822835b06fd8eb59fff4d7be70f90d69af6b8d1132268b87562288cca1","f733e448de89a2cad2153587a1884115cb00dfadfde49c77c28115196886d863"
5,"async","ab2-edit",1977.801563,3375.697189,0.0,"43236f78ccf76d0d43bd47c5ece9772b350cb4fd361a37fbc64670e3a8087e5d","fe6e91fd68fbbbc58e93660550aa22a004f8f3c915211f30f3fb81ccdc4589a6"
5,"async","ab2-exact",685.177484,2121.097711,0.0,"7c172f24fe7b34dd63b161fc9770d3a7c43d68026e165fa7bb8d6617618bac4c","98203d383db1cefbdcbf043cf0234af6b22e4d92ae3bde44ac0748af808ee71a"
5,"async","ab3-edit",721.228742,2220.889988,0.0,"769d8c7962b38a56cbbdc0bc5a58d0a5abb075e7d12f2b933301783c78d2c50a","463705629c8823ec75264790f6225f7e77532a76642c533c3dece9d82652add9"
5,"async","ab4-edit",1575.762796,2819.884374,0.0,"5bce94068b129ed6abd23d189589eb19a100fa10ef5794fe03a51857e39ef878","9fdcf13c4f5c0d3d50204402ec6ea39709c1dad9d5da60142796b883bd0d99f3"
5,"async","ab4-exact",696.293083,1968.306809,0.0,"fea8ec99413920a9936d88196df5ca10958032b62b3d89b662b4252f8cca4e0f","3f727e24b35ad3d151ce30ed2381ca30e9f7792765dbc32dc0c2f989ba913df9"
5,"async","ab5-edit",823.361275,1519.266226,0.0,"30176eb260aaf2dba6cfa7481a5b70b1bc224040cb6016d6ab5a82bc8c085ad6","4f5019e1792cd712c39529173a5a847b389df8a4e56e6f680dab94d7d6ddcd6b"
5,"main","initial",2643.620915,5991.36158,0.0,"52e8e6f7fb21cc0d0790bfb69f5f94509c2eaf9919375cfc1aafd4c846bf34e5","6b010fd502d8e0d540f1efa51fc6fe9d90ba525dfbe60563e8d8e7af2d148919"
5,"main","exact",409.637671,1017.089435,0.0,"3a0ef15c0ee085ce16c0a989349764a833089cc3e09126edd071de3317fc657a","1b3e42ad35d8c0606d1dde884cdfd6710817a9937449d5708ba746cf70ff789e"
5,"main","leaf1",1275.883158,1767.465183,0.0,"216a7301e16e5c5772bd58c7ce15b053de30354934492589c8047754a223f6aa","1817e6a19fe51edf13e9f251d3fe0dff2a8eb221c01fb3d2f86bbd198842c6bb"
5,"main","leaf1-exact",362.225374,867.057087,0.0,"776c5b430e2b1aa6c67ad8cc10624440a4939312e93f5b794f80a174fcd66268","e8ae25bd8aefc956f51c4a25d1aec6c1a38cc6768a642d7f0212ede9255c921f"
5,"main","leaf2",1286.666191,1818.925401,0.0,"dfef8615a667444eaaf20b9729eb45977bffadbdf1fcf9d8d74518e7e8c8ed08","56aa4ec870360182aa3652addfd8192a36565d20abffd95b1741f42a4d0de60d"
5,"main","ab1-exact",370.947985,916.286369,0.0,"e1e4a38e56ce79bf839c97f8874e03b78b5be9db6d3b79089aeacca4b3fbf355","6bf9c944e050bd14d698c8a387d7a2a5b34503224b10788608269ae1c7e3336b"
5,"main","revert",439.813699,915.556632,0.0,"bf09ae58669750c698ecf7eaf032a81bd3b046ea85e6bb211aa9a452fd16239c","4645329c485aaafae14adcfb7b677cf0b1b2cc180572a51a44f5f4c7a931e95a"
5,"main","ab2-edit",1253.395188,1817.043293,0.0,"738d998a1b85942bd711d71fc9bf92786af93f3a87ac8e240949f6d6cdc93852","d7d2088ee477330806df0264430a4cf13e4f705eb2d74e713dc57c1eebf9f6be"
5,"main","ab2-exact",387.34814,916.330124,0.0,"6420cf87629fd9c4702997ce1172c871424c5f688ea648b26882e3d6cfae8ca8","8d4e7d0ab8551074455ceefd01a818007de37c80cc480912fdbcb8fbcb38e998"
5,"main","ab3-edit",714.187145,2121.53312,0.0,"e4e58d9f092c3d06d1f519499f2bf3197dd2753ee00e60f036580cce819bedf8","8a1b6d47c1aa2d8fa3f23ae3a5881dd479fb1d0fef578474e0df05b680768627"
5,"main","ab4-edit",2035.042577,3575.552203,0.0,"12b7f86c7f71d83d6fafe3e8e1be57eab4186182fb34ee92c083789e482f1377","ac2220a7a65f3c4ba9984bf8fdfcdf3d5652a0891334e76142a586961bd3dfaa"
5,"main","ab4-exact",722.496229,2525.186163,0.0,"c5a16baca99be155a19adb30c9c8976e88df615cb82a51b1c1d20b9ffd484a65","6accb218173824f17309b9a47e05df999455482c44342e88f03ffd1fefd2f24d"
5,"main","ab5-edit",386.196863,865.546428,0.0,"2f6b80a0bd41194004e20e08cdc31882cbd18d3668be092df4bd1993ef8415c6","6d5e9ab3687045877eeb178b9e74c8e861153806d4381bc90966abc9116b7f7c"
6,"async","initial",2533.696822,5676.714186,93.998008,"6e84404f4572849581a4fac6b6fdcf44365d25f02db629fe870dd309606a6619","d7dc039ac4fa460b72ae21381f20c3abf6baa53f8637e7d64bf6d388a4ff2d9e"
6,"async","exact",328.019824,816.626786,0.0,"6b3f5bf85c2be94465d3097f769851418902236802090aeed981c0d463200f9b","967b046990b1daf8cd450d8e5f86fec4d582efeb27d7a31164ade3e23048c22a"
6,"async","leaf1",812.749592,1317.328805,0.0,"4b184fb1ff86942dbf577b28af0237d1ef85dfa4e132c657b87c7526094fbb4b","71750fc110eddeaedfa2d673a6022df332bd2420f6e266b3a808920efc3b0d5a"
6,"async","leaf1-exact",335.857674,865.490386,0.0,"22cf38c9a1becb93d8c1d5352bfed68801b13b3fa07b78b30794fe5a1b3718eb","949bfd56510bb0dc54119de513c61fd6ceae66941d5e4e4a4aa32f3c78cd3568"
6,"async","leaf2",940.901104,1417.735631,0.0,"4164cc91c77abbd556e1a67ad805f75b56815c577111bed8a97c070f1d56f289","af33fe55a2022a6e592ba9b20310e85c225b6391d5bbad5f9d07efee447a5b06"
6,"async","ab1-exact",339.4285,915.835268,0.0,"a58ff2c6bb6bf328c3bc69c829abf49a28fad3cca2b6c59d3dae2d189740f6d7","1e86e69a4ea5f0d8fd83c12a936d515d73880603cec8c160de73239eee7543ca"
6,"async","revert",439.332383,967.536807,0.0,"96e19f3e60639cbefdcbf9587f45d52740039233f92fc8ac2f988369389de9f3","ff34b8bf4ae5373a2f131b5251d2e8156c75e3dba8ff6b816f173cd56fe9c4cc"
6,"async","ab2-edit",832.653913,1317.518481,0.0,"53f8becd836a43613758353fd50c45f832e28ea07b51687499896568010c0067","97e5729ff6ac240f7aad88be69b014290b2217fffdce4d7cdda683bf104e9ce6"
6,"async","ab2-exact",346.624253,966.402198,0.0,"76720e4c6e0187f0bea0a4f35dc89dd94c27f4908ff8a512975d8c643139a6b8","e20e516c5b10f04b74f131d614f6eed0a2d4e0f8a17f45b2f383e8fad034b8a7"
6,"async","ab3-edit",387.107575,915.714431,0.0,"023d9a73d8de55a7fc6c45a5bca6053265fa9902819de77761e4ab7a1904756f","7eb9b73927efc5687177f11d6dd6069169c39ce53cb3f97e60b47b6d55d1e6e2"
6,"async","ab4-edit",823.049335,1316.217525,0.0,"ec93f3055d70d762d3135237375c371e849149084e9ce231d1030791c2ff08bc","81e5417fabfdd87f5e51813ed8a42506388b808ea04fbe4ca4740f63d0d065d6"
6,"async","ab4-exact",388.172196,865.930755,0.0,"3fefcc4128a3d595c8d5638a03367ba8274f0351d3fb09f184c3192a6d28f469","aceb74ac2ba0087931ae2fc3e91a2a8ce463238627ddbd79214962da0e2fedd4"
6,"async","ab5-edit",390.259974,916.073571,0.0,"97f311f072c56bbafe0d2ff937fed6a97a3993922c683649fb14a63cf1be9982","bfc698e36f5d7aef99144366087401a15a4c0f712a84ff8d3b7011edb8fac80a"
6,"main","initial",2232.298406,5374.711052,0.0,"fd00e908a3aa733ee633d509024fbf0ff8f8ae5b318c99add2381984ad1e3696","866bf9730ad9112efa52c3a8c56ce2cbe071893ec9e7334ae10a7321aa675766"
6,"main","exact",352.337969,816.062534,0.0,"94b676ee04ce8a42178e1ed3a8a139fb01ee7f83b7e1a2699c8a208e3ec4ac6f","e5f82e79e70e707db8b8dd078eca4a061e93b9bd04331db475b3838a0098f702"
6,"main","leaf1",1104.904586,1566.567601,0.0,"30ab7c6de21ba099275f277d75125662fdaa853348e7eb6f43c0f2ce8d3670a3","7e9313d99282a302355d7f6bf396f5e0a25fbecfee4a0a22f925f3576fa35553"
6,"main","leaf1-exact",370.667608,818.703229,0.0,"dafa41a564227df19318be53ea309d645366b0357a3dcdc1faf02c21d2c5f4e6","659fa91165f4aa2131f36d88dec0d4f22de04c76cdfbbdd0386fdd35c1582981"
6,"main","leaf2",1229.889786,1717.584532,0.0,"e0feee3333d89d7a50cad451095126d9840a72a0290ae794a39f17e0b90a4e54","258377237d7800f626a91cb87e84710a66a987436615217328206f1ae0d13cf8"
6,"main","ab1-exact",359.101893,817.079612,0.0,"5a952d616514a54964847e00a5972189e317759f5de6f810b7a0c7fc43557123","b15e5da3fd7827573d510a07d2191f8adb8eee178c282555a1f47cda75284c9e"
6,"main","revert",462.877168,965.617189,0.0,"a993770ea8d6ea3f1adffca4427547892c2df82237033d4ee27c99ac02e40c6a","3b21b35782c184cdba92c70922e2e3ebf71dfdef774782aeb0a3a89906a6661c"
6,"main","ab2-edit",1089.778403,1567.43808,0.0,"74c1e2b61b8361db71d479070904a9f268ff211665f77acbe0996202177988d3","f1c61d9c9bee793f19e714712b6979ec227904651607b0ae21d64e82ae5aafab"
6,"main","ab2-exact",371.441289,866.118854,0.0,"83ca9d4e5d85c2a6e146b7fcd2ffe760efdfcf6487d3af369dd9ae1be4f115cb","505f89783e8e6ac5ab65019447ad58c07e79be65b87fa319038b26c74adb92fb"
6,"main","ab3-edit",399.137513,967.432304,0.0,"596977872b0f08deaf515597006d3334fbe29292590988a0676920a205e17898","0e644664ff9a0f9febe24d86542865c5fbd4b518eaab149fd11fdbd065703d2e"
6,"main","ab4-edit",1147.596013,1667.585625,0.0,"452b6a11161db529e85de72ad9d1ffa3d0b17bca479264753935b6587200dee4","8104156fc9f9841ba0c79f28b66b901f678fb165d35212222fbcbb659787df3a"
6,"main","ab4-exact",358.991954,866.519873,0.0,"a8afc7c4218978504735d882c53b18b2ad250288ae0e927ca0926ca37608b854","d9ac12c49e064aaa10970199a4b01d6829053b0611f79a52aaa26b36a2af5de1"
6,"main","ab5-edit",388.985127,966.967733,0.0,"e162830f62c1903bd2ae982e435599882964c46820a0938313e80ea6dd5c39ac","7f32844bba0d752ccc2f40ef0a737ad2ad529b89f5ab8a36c40134f667a16079"
6,"both","initial",2530.838928,5728.714589,0.0,"908da5705174f9852eeb82d7d1dc48ad72771b70e0a63de4ee15da219a518504","23b8c2d26c56af3db14f5828b51adc0556697036e02c8d22a43f9179ca2997b8"
6,"both","exact",330.383339,966.942552,0.0,"dc74d94c0e3c43f8ef68a80ede55e7876bac8c91c4d17c4d30a35caa884319dc","b36db017383bcfb2214a6b2f55f6319ec473f47672e53df6be24e16b851ea72a"
6,"both","leaf1",844.848507,1368.161837,0.0,"d55477c5bd0b10ed89a90911c3a9c081bcb2f35cf43dd2b700ad6da20ebf8b3c","8558f6fa3b7c26136cb44ce9f840fb715ce47ce1c0c0735434edfccf8de76430"
6,"both","leaf1-exact",348.35396,915.892713,0.0,"75d1df4ff1dd85743b1ca31b2066b1225fd7d8c8eaa7f74abe77025b5962e6c1","801a35c4f5bdbb84239b4fd275d1a71d9b8bfc32757a8bf6d650944ea8181cf7"
6,"both","leaf2",948.698614,1567.735249,0.0,"ab8b0f90f86929a518d576ae5c627b810d12d09f29ee44393d17c4189157fe05","4588620648a2f0486ee2c26d41053b392ecf9140b6776778b0f438f137347fa2"
6,"both","ab1-exact",324.493823,815.5141,0.0,"1531895cf6f727bc3f7a26e2cd01e8d8afe17f4e24cc2b960e0756b47c400c21","ab32ee08d8adad263d602ff672fb634abc842ad4184240ced62dd92ed72a2381"
6,"both","revert",426.759779,915.831476,0.0,"9dcb9a9f75d486c554b09d7dedbe2043c063acb7d39b138f127670513097976c","a1025fecb38f3587dff376b99256bd3952228aec1bec9d84ba169adea438ae1b"
6,"both","ab2-edit",861.339354,1319.357326,0.0,"e1355c7eadba5bb27101d614b9fe9e9a371c2b5982329a6fc8ae348cd4b520a2","1c299d5a4e3b7d067df289482ee4aaf6b3f579667a8273a297aad42aaba352bd"
6,"both","ab2-exact",336.702866,865.467432,0.0,"5b8d3c591fc6876af5b75694aaf0dc10196e49ce0f2753c56971bcca0f47295a","e0835705a261c68711e1da0803151e6acffaa3680cd2e13836ae6c713af28126"
6,"both","ab3-edit",339.860249,816.298151,0.0,"4f34a6c1d20187219a85673ddbadfedfef5d368058ef85df3d308403d257e6f7","99033c7031e14ee060e97eb41ecc9dc5730e7db1c82ba5633def6476aea59e86"
6,"both","ab4-edit",850.611871,1317.541021,0.0,"e20f3a46aa3d4d396c740391f8c8a36f3361575b3d4080c7b260c6fff8ccddf9","ef2065ee823cb84ad28903977895cd520a429dc2ceef8bcae3320cfa33a9ef7f"
6,"both","ab4-exact",339.866305,815.234448,0.0,"5f1562d3a43a535e99309ad7611544163520b5ce5e304986a44985cda5ecc1ee","ab2d7ae23bab5c19964d17afbe12a8838028eced0f8ce1512de6be165be2c965"
6,"both","ab5-edit",391.880071,865.451931,0.0,"585cbb142808ea1a13643953547b1eda504f1519201de9fdfd3d6849bd616070","fbafd2f442bfe12f79c96ceece1226b7da5dbca03c23924ef878a90977c2d451"
