key,kind,side,case,role,timed,warmup,trace_id,process_ms,before_root_ms,root_ms,after_root_ms,cargo_exec_ms,non_exec_process_ms,query_count,spans,declared_engine_spans,received_engine_spans,gate_exit,replay_drift,complete_expected_execs
dagger-rust-generator-pair-iw520xrb-application-0-before,pilot,before,,,True,True,d8793d6660d4d6e1aa9447348f67a377,1313.019251,27.240377,1274.47801,11.305613,222.052727,1090.966524,30,455,434,434,0,-0.1%,True
dagger-rust-generator-pair-iw520xrb-application-0-after,pilot,after,,,True,True,ef219786a05b3cc34c588906b71ac0cb,1198.907434,27.392469,1156.466072,15.05428,239.878378,959.029056,30,452,431,431,0,-0.1%,True
dagger-rust-generator-pair-iw520xrb-application-0-before-messages,pilot,before,,,False,True,1ee38b51cbced1d3005f7a3f8dee7d2d,854.244995,26.813059,818.025357,9.410423,0,854.244995,12,184,163,163,0,-0.0%,True
dagger-rust-generator-pair-iw520xrb-application-0-after-messages,pilot,after,,,False,True,8c5f98cd8167687bc774f9391a3de34c,737.36758,27.456988,700.421221,9.493753,0,737.36758,12,184,163,163,0,-0.1%,True
dagger-rust-generator-pair-iw520xrb-application-1-before,pilot,before,,,True,False,d2d3ebd465993d8b2028b077b68c1978,1286.125265,27.536274,1248.667692,9.925897,213.793198,1072.3320669999998,30,455,434,434,0,-0.1%,True
dagger-rust-generator-pair-iw520xrb-application-1-after,pilot,after,,,True,False,7dc21af6b1c72a67c7d022e9ea092e01,1215.835546,28.252962,1174.802398,12.785002,216.877154,998.958392,30,455,434,434,0,-0.1%,True
dagger-rust-generator-pair-iw520xrb-application-1-before-messages,pilot,before,,,False,False,1c89d93cb82714d8757472d79c78b365,790.5799,26.622324,755.692792,8.268928,0,790.5799,12,184,163,163,0,-0.0%,True
dagger-rust-generator-pair-iw520xrb-application-1-after-messages,pilot,after,,,False,False,c9b2318131cb42cf4b5d369699dc158b,758.387438,26.642305,721.10323,10.647344,0,758.387438,12,184,163,163,0,-0.1%,True
dagger-rust-generator-pair-iw520xrb-application-2-after,pilot,after,,,True,False,81847bf5f9c63fc5dfc790e4b4464405,1136.411656,27.490957,1096.502423,12.423145,241.004371,895.407285,30,455,434,434,0,-0.1%,True
dagger-rust-generator-pair-iw520xrb-application-2-before,pilot,before,,,True,False,47abe6af57c4956f82c84cbed351e9fa,1272.700743,27.93824,1231.766,13.001618,244.223213,1028.4775300000001,30,455,434,434,0,-0.1%,True
dagger-rust-generator-pair-iw520xrb-application-2-before-messages,pilot,before,,,False,False,433c739a614b94b7d4b1aa3114f2b93e,888.407907,26.854601,849.986852,11.571493,0,888.407907,12,184,163,163,0,-0.0%,True
dagger-rust-generator-pair-iw520xrb-application-2-after-messages,pilot,after,,,False,False,25231412a75ef504b3184752f47b07d8,766.153307,27.240384,729.648372,9.269671,0,766.153307,12,184,163,163,0,-0.0%,True
dagger-rust-generator-pair-iw520xrb-application-3-after,pilot,after,,,True,False,7f07cd2402958cc6a0dd7a9a2faf5000,1070.388736,26.483858,1033.920917,9.98953,214.464283,855.9244530000001,30,455,434,434,0,-0.1%,True
dagger-rust-generator-pair-iw520xrb-application-3-before,pilot,before,,,True,False,9b62511e4e13116190e4c327185c7ee0,1228.139934,27.044872,1185.92424,15.176106,211.364399,1016.775535,30,455,434,434,0,-0.1%,True
dagger-rust-generator-pair-iw520xrb-application-3-before-messages,pilot,before,,,False,False,bed0db92619ef1be105fc62cf853c368,810.830377,27.449305,774.304418,9.083656,0,810.830377,12,184,163,163,0,-0.1%,True
dagger-rust-generator-pair-iw520xrb-application-3-after-messages,pilot,after,,,False,False,100e2c4dc1ae1c834f95399447813df6,665.058586,27.605917,628.082266,9.375258,0,665.058586,12,184,163,163,0,-0.1%,True
dagger-rust-generator-pair-iw520xrb-application-4-before,pilot,before,,,True,False,40799114a90fe6ed8b67aa2c183cb43b,1213.760705,27.440661,1172.274424,14.049779,201.54376,1012.2169449999999,30,455,434,434,0,-0.1%,True
dagger-rust-generator-pair-iw520xrb-application-4-after,pilot,after,,,True,False,413f8b6727bc90aeeccf9553b5245ea1,1083.830557,28.923332,1042.26335,12.655867,214.925215,868.905342,30,455,434,434,0,-0.1%,True
dagger-rust-generator-pair-iw520xrb-application-4-before-messages,pilot,before,,,False,False,1cae382adbc63affa08ae7e7d47f5bba,785.391553,26.490042,744.910689,13.995848,0,785.391553,12,184,163,163,0,-0.0%,True
dagger-rust-generator-pair-iw520xrb-application-4-after-messages,pilot,after,,,False,False,59c80288bb012f6edff5bd8ce92d8676,736.86736,26.833838,702.036761,8.001878,0,736.86736,12,184,163,163,0,-0.1%,True
dagger-rust-generator-pair-iw520xrb-application-5-after,pilot,after,,,True,False,46aececd456c4df8833bb5b289fea536,1169.79524,27.93855,1129.651917,12.210485,220.77692,949.0183199999999,30,455,434,434,0,-0.1%,True
dagger-rust-generator-pair-iw520xrb-application-5-before,pilot,before,,,True,False,ad4ee4f46f36f6b24452d2d46bfbafa6,1221.935261,27.809799,1181.310572,12.819006,235.661373,986.273888,30,455,434,434,0,-0.1%,True
dagger-rust-generator-pair-iw520xrb-application-5-before-messages,pilot,before,,,False,False,b6911c9c448ea6961b29c7db9aab92f8,786.923387,28.811578,748.335165,9.780555,0,786.923387,12,184,163,163,0,-0.0%,True
dagger-rust-generator-pair-iw520xrb-application-5-after-messages,pilot,after,,,False,False,228eead269cc1170ee42c0189a4c204d,720.210759,27.321039,683.328029,9.566307,0,720.210759,12,184,163,163,0,-0.1%,True
dagger-rust-generator-pair-iw520xrb-application-6-before,pilot,before,,,True,False,9fbd33e57c277a49cdbf34f94fa02d43,1192.729454,26.060614,1156.608309,10.066731,252.585975,940.1434790000001,30,455,434,434,0,-0.1%,True
dagger-rust-generator-pair-iw520xrb-application-6-after,pilot,after,,,True,False,2d934a034710d1f6f668c2c0a7639606,1079.990636,27.469247,1039.361613,13.164036,208.320474,871.670162,30,455,434,434,0,-0.1%,True
dagger-rust-generator-pair-iw520xrb-application-6-before-messages,pilot,before,,,False,False,b0497fae40184c2b454a9232d663454a,920.689643,27.958961,880.240881,12.493947,0,920.689643,12,184,163,163,0,-0.0%,True
dagger-rust-generator-pair-iw520xrb-application-6-after-messages,pilot,after,,,False,False,f1de61b822ca549b7577278078fba9d0,723.637895,31.448371,681.398313,10.795382,0,723.637895,12,184,163,163,0,-0.1%,True
dagger-rust-generator-pair-iw520xrb-application-7-before,pilot,before,,,True,False,1dfcc28f8065a5dfd06d00aacef196f7,1261.120054,29.767684,1220.256293,11.101308,236.613513,1024.506541,30,455,434,434,0,-0.1%,True
dagger-rust-generator-pair-iw520xrb-application-7-after,pilot,after,,,True,False,ef433da07395476a08ce6a5712f16d28,1151.564031,27.281992,1114.664856,9.621354,220.908486,930.6555450000001,30,455,434,434,0,-0.1%,True
dagger-rust-generator-pair-iw520xrb-application-7-before-messages,pilot,before,,,False,False,ee7f59f0da69ea81547b00010c2a2e99,828.78755,27.735719,791.681659,9.378781,0,828.78755,12,184,163,163,0,-0.0%,True
dagger-rust-generator-pair-iw520xrb-application-7-after-messages,pilot,after,,,False,False,50fed2a0142d098f85a9d41ea1513149,689.932507,27.628327,650.040863,12.268401,0,689.932507,12,184,163,163,0,-0.0%,True
dagger-rust-generator-pair-iw520xrb-application-8-after,pilot,after,,,True,False,9b38362a3bef894c3e8650ff3f9abad2,1118.860014,27.26813,1079.434728,12.163227,209.773629,909.0863850000001,30,455,434,434,0,-0.1%,True
dagger-rust-generator-pair-iw520xrb-application-8-before,pilot,before,,,True,False,049fbb5e709b75370e343f73a79455b3,1205.656269,28.244017,1160.813395,16.603841,208.21074,997.4455290000001,30,455,434,434,0,-0.1%,True
dagger-rust-generator-pair-iw520xrb-application-8-before-messages,pilot,before,,,False,False,4a9364d4a302b7d005858cf8559dbda8,877.045248,27.363215,838.931179,10.755327,0,877.045248,12,184,163,163,0,-0.1%,True
dagger-rust-generator-pair-iw520xrb-application-8-after-messages,pilot,after,,,False,False,49cb0d6fd80aafe56caad768b2602d34,728.909547,26.759334,691.643894,10.510772,0,728.909547,12,184,163,163,0,-0.1%,True
dagger-rust-generator-pair-iw520xrb-application-9-after,pilot,after,,,True,False,e4fdc629ce73e73fc54982e644f8cd2a,1097.613169,28.370682,1055.828173,13.418881,241.631762,855.981407,30,455,434,434,0,-0.1%,True
dagger-rust-generator-pair-iw520xrb-application-9-before,pilot,before,,,True,False,cdf6cfcad23e62e27c553108368a21e3,1175.846142,25.455395,1135.783462,14.611865,219.663706,956.182436,30,455,434,434,0,-0.1%,True
dagger-rust-generator-pair-iw520xrb-application-9-before-messages,pilot,before,,,False,False,994305e6e2fea6bfa8f1181d06d52aa8,875.45621,27.682315,836.089781,11.687645,0,875.45621,12,184,163,163,0,-0.0%,True
dagger-rust-generator-pair-iw520xrb-application-9-after-messages,pilot,after,,,False,False,ed4efd739a659b59517dea1280fa8ef5,685.289278,26.315382,648.899005,10.078549,0,685.289278,12,184,163,163,0,-0.1%,True
dagger-rust-generator-pair-iw520xrb-application-10-before,pilot,before,,,True,False,90c2ebb10903fe10e47dce36f81d6449,1219.736927,26.178795,1178.833267,14.729745,206.486151,1013.2507759999999,30,455,434,434,0,-0.1%,True
dagger-rust-generator-pair-iw520xrb-application-10-after,pilot,after,,,True,False,ddcde82e1a4f203ec2a3f80a1df371f6,1136.426334,28.503785,1096.397863,11.52832,223.769837,912.656497,30,455,434,434,0,-0.1%,True
dagger-rust-generator-pair-iw520xrb-application-10-before-messages,pilot,before,,,False,False,c06a0fbc5e460c0dfd6660ba1c425d34,775.362998,28.019663,736.613191,10.734695,0,775.362998,12,184,163,163,0,-0.0%,True
dagger-rust-generator-pair-iw520xrb-application-10-after-messages,pilot,after,,,False,False,d28f0dabe1edd3387c862cc42491dcbd,783.444235,27.279609,746.581781,9.587488,0,783.444235,12,184,163,163,0,-0.0%,True
dagger-rust-generator-pair-iw520xrb-application-11-after,pilot,after,,,True,False,3d2a2e8c1145de8c296086e2184c143c,1155.671766,26.67261,1117.817356,11.187746,227.497151,928.1746149999999,30,455,434,434,0,-0.1%,True
dagger-rust-generator-pair-iw520xrb-application-11-before,pilot,before,,,True,False,fd972cdabba31ff941056d670cfe638f,1264.906201,26.488638,1226.876974,11.545574,234.226076,1030.680125,30,455,434,434,0,-0.1%,True
dagger-rust-generator-pair-iw520xrb-application-11-before-messages,pilot,before,,,False,False,830ee43c2273c634ae9832748b5b10b4,756.759335,27.660086,718.724848,10.377802,0,756.759335,12,184,163,163,0,-0.0%,True
dagger-rust-generator-pair-iw520xrb-application-11-after-messages,pilot,after,,,False,False,63430d88948736a9d7775b10a843ed2c,653.868265,28.445885,616.212805,9.213644,0,653.868265,12,184,163,163,0,-0.1%,True
dagger-rust-generator-pair-iw520xrb-application-12-before,pilot,before,,,True,False,e9161d69a245a2f1912760fe34a9cbdc,1231.271976,28.730975,1190.7263,11.820298,212.319188,1018.952788,30,455,434,434,0,-0.1%,True
dagger-rust-generator-pair-iw520xrb-application-12-after,pilot,after,,,True,False,aee0bbf96fecc57aa64c8ef34952a57f,1142.110196,28.540973,1100.24865,13.324933,244.410448,897.6997480000001,30,455,434,434,0,-0.1%,True
dagger-rust-generator-pair-iw520xrb-application-12-before-messages,pilot,before,,,False,False,65c5d4f0688823c988c8d52eb605d9bc,811.633747,26.643083,772.696189,12.299312,0,811.633747,12,184,163,163,0,-0.1%,True
dagger-rust-generator-pair-iw520xrb-application-12-after-messages,pilot,after,,,False,False,f1e20972468ee5807eb198231f88a109,655.095697,29.24017,614.964383,10.895746,0,655.095697,12,184,163,163,0,-0.1%,True
dagger-rust-generator-pair-iw520xrb-application-13-before,pilot,before,,,True,False,4ff224e01525ed8cfc9ddeddb163cbbc,1246.566487,26.954797,1208.746334,10.870789,225.615322,1020.9511650000001,30,455,434,434,0,-0.1%,True
dagger-rust-generator-pair-iw520xrb-application-13-after,pilot,after,,,True,False,d6436ac29b8f98483351943ffea77417,1117.567875,26.637838,1079.309064,11.626052,225.225413,892.342462,30,455,434,434,0,-0.1%,True
dagger-rust-generator-pair-iw520xrb-application-13-before-messages,pilot,before,,,False,False,1f1e444128d0823cf7422249fad9f6e6,817.754072,29.654059,777.333608,10.770748,0,817.754072,12,184,163,163,0,-0.0%,True
dagger-rust-generator-pair-iw520xrb-application-13-after-messages,pilot,after,,,False,False,9b5b2a6061f8d6de178114b1debc3419,674.442204,26.307214,631.572138,16.568032,0,674.442204,12,184,163,163,0,-0.0%,True
dagger-rust-generator-pair-iw520xrb-application-14-after,pilot,after,,,True,False,18f046d81af1994ca96a8c0acd6b2443,1199.152489,29.506182,1156.443147,13.207842,229.463158,969.689331,30,455,434,434,0,-0.1%,True
dagger-rust-generator-pair-iw520xrb-application-14-before,pilot,before,,,True,False,7f9b54bd1e73a55acf289413d789a426,1126.128479,27.130919,1087.166728,11.835419,210.193717,915.934762,30,455,434,434,0,-0.1%,True
dagger-rust-generator-pair-iw520xrb-application-14-before-messages,pilot,before,,,False,False,ae503110499eac6e0f8e1a5afc063c47,897.599651,27.136506,859.595718,10.873183,0,897.599651,12,184,163,163,0,-0.0%,True
dagger-rust-generator-pair-iw520xrb-application-14-after-messages,pilot,after,,,False,False,b64b9d8659b5da35382103c19b78f33a,651.258481,26.858149,615.775616,8.630348,0,651.258481,12,184,163,163,0,-0.1%,True
dagger-rust-generator-pair-iw520xrb-application-15-after,pilot,after,,,True,False,30a5263389ce832aada8f67c11cca5da,1195.488821,27.916583,1150.52617,17.051281,215.255052,980.2337689999999,30,455,434,434,0,-0.1%,True
dagger-rust-generator-pair-iw520xrb-application-15-before,pilot,before,,,True,False,fff63eeaa52b78908cbe6f4962c9fbd5,1293.73097,28.330656,1253.803318,11.602857,212.438045,1081.2929250000002,30,455,434,434,0,-0.1%,True
dagger-rust-generator-pair-iw520xrb-application-15-before-messages,pilot,before,,,False,False,b4e06be5223460e5636a64504068a52f,901.689288,26.588393,865.097174,10.007701,0,901.689288,12,184,163,163,0,-0.1%,True
dagger-rust-generator-pair-iw520xrb-application-15-after-messages,pilot,after,,,False,False,e30f5ea98a537e3ef0083d5e19e99321,706.276687,28.816952,667.480796,9.986283,0,706.276687,12,184,163,163,0,-0.1%,True
dagger-rust-generator-pair-iw520xrb-application-16-before,pilot,before,,,True,False,fc03613ba8709f09eb6892c1ec4df800,1334.947509,30.197419,1289.455183,15.300914,240.052465,1094.895044,30,455,434,434,0,-0.1%,True
dagger-rust-generator-pair-iw520xrb-application-16-after,pilot,after,,,True,False,337389522c9fc1098c4f746ff9b5dee2,1079.405819,26.679059,1041.304409,11.426042,219.17052,860.235299,30,455,434,434,0,-0.1%,True
dagger-rust-generator-pair-iw520xrb-application-16-before-messages,pilot,before,,,False,False,b8fecbbb467fa81a220b2932436fdd43,790.590901,27.543174,750.526066,12.525544,0,790.590901,12,184,163,163,0,-0.1%,True
dagger-rust-generator-pair-iw520xrb-application-16-after-messages,pilot,after,,,False,False,a071572d39346a0aa73a36e96ec60658,819.943142,27.840112,779.08735,13.019521,0,819.943142,12,184,163,163,0,-0.0%,True
dagger-rust-generator-pair-iw520xrb-application-17-after,pilot,after,,,True,False,31ab7f047a069869299a4952ed57f2c9,1186.514484,26.347754,1149.262898,10.909495,269.684961,916.8295230000001,30,455,434,434,0,-0.1%,True
dagger-rust-generator-pair-iw520xrb-application-17-before,pilot,before,,,True,False,487b35f99202b09b3d3f70bf3d5898c6,1208.770187,27.252476,1166.683343,14.839057,215.511151,993.259036,30,455,434,434,0,-0.1%,True
dagger-rust-generator-pair-iw520xrb-application-17-before-messages,pilot,before,,,False,False,7d03c0eb45074cd4a271e6b75b1d05e0,828.319553,27.689343,788.542211,12.092322,0,828.319553,12,184,163,163,0,-0.0%,True
dagger-rust-generator-pair-iw520xrb-application-17-after-messages,pilot,after,,,False,False,dcb59c65ef26f756dce1a5986e7bc835,753.788115,27.419323,715.691317,10.682517,0,753.788115,12,184,163,163,0,-0.0%,True
dagger-rust-generator-pair-iw520xrb-application-18-before,pilot,before,,,True,False,429cb5a8884783bfbef46362e7de8b58,1314.811252,26.228324,1276.014587,12.574446,228.078337,1086.732915,30,455,434,434,0,-0.1%,True
dagger-rust-generator-pair-iw520xrb-application-18-after,pilot,after,,,True,False,8277fd5365a76d14196b3e522e054ac7,1056.329282,27.589865,1016.897469,11.847312,228.223918,828.1053639999999,30,455,434,434,0,-0.1%,True
dagger-rust-generator-pair-iw520xrb-application-18-before-messages,pilot,before,,,False,False,c2f168845458f156ec276c53a849d402,808.883347,28.913166,770.913984,9.059815,0,808.883347,12,184,163,163,0,-0.0%,True
dagger-rust-generator-pair-iw520xrb-application-18-after-messages,pilot,after,,,False,False,c95abe0394d116841052df28430986b2,694.246596,27.681201,653.882185,12.688614,0,694.246596,12,184,163,163,0,-0.0%,True
dagger-rust-generator-pair-iw520xrb-application-19-before,pilot,before,,,True,False,7e79c4e8b6e392ec6ff85b57a528b6fb,1207.661064,28.462684,1165.597222,13.60485,234.588331,973.0727329999999,30,455,434,434,0,-0.1%,True
dagger-rust-generator-pair-iw520xrb-application-19-after,pilot,after,,,True,False,0d3332d2ef291887ac283c2d48e9e4e9,1100.506298,26.966398,1058.195836,15.348729,237.45219,863.054108,30,455,434,434,0,-0.1%,True
dagger-rust-generator-pair-iw520xrb-application-19-before-messages,pilot,before,,,False,False,3bf102d654b4db9f1f1ad06d0f13b34a,809.256793,27.33182,772.252942,9.676042,0,809.256793,12,184,163,163,0,-0.0%,True
dagger-rust-generator-pair-iw520xrb-application-19-after-messages,pilot,after,,,False,False,a7c46b03a4c0f8e0bd9b6ea6154c30f7,653.336669,27.780585,616.516062,9.04396,0,653.336669,12,184,163,163,0,-0.0%,True
dagger-rust-generator-pair-iw520xrb-application-20-after,pilot,after,,,True,False,0e7ace8e2f8f7329a69bea8f1a9fac8a,1080.939699,26.84517,1039.657236,14.441847,203.611268,877.328431,30,455,434,434,0,-0.1%,True
dagger-rust-generator-pair-iw520xrb-application-20-before,pilot,before,,,True,False,b9c90eb36185923a63e354d189c8f14e,1291.243065,26.455612,1250.105035,14.686996,212.643686,1078.5993789999998,30,455,434,434,0,-0.1%,True
dagger-rust-generator-pair-iw520xrb-application-20-before-messages,pilot,before,,,False,False,66a0237b7b2a07b0692ac790f60532f7,848.259431,26.934987,812.673429,8.655137,0,848.259431,12,184,163,163,0,-0.1%,True
dagger-rust-generator-pair-iw520xrb-application-20-after-messages,pilot,after,,,False,False,310ec55a83087125d929247ac8df4c1e,688.024763,26.732137,651.671826,9.626731,0,688.024763,12,184,163,163,0,-0.0%,True
dagger-rust-generator-pair-iw520xrb-application-21-after,pilot,after,,,True,False,824760d9fc2525adad36fccc91c6e239,1157.286511,28.560724,1117.39078,11.339082,226.004472,931.282039,30,455,434,434,0,-0.1%,True
dagger-rust-generator-pair-iw520xrb-application-21-before,pilot,before,,,True,False,be8941ed67abefdcc4079d4bd77cdaa4,1166.999797,27.696051,1127.613735,11.693964,218.47308,948.526717,30,455,434,434,0,-0.1%,True
dagger-rust-generator-pair-iw520xrb-application-21-before-messages,pilot,before,,,False,False,5cc19448e6e1e452d73139a36f6c50cf,867.748125,27.352866,831.316231,9.082642,0,867.748125,12,184,163,163,0,-0.0%,True
dagger-rust-generator-pair-iw520xrb-application-21-after-messages,pilot,after,,,False,False,8e7b5a5891a87e4849af6a20f8917d16,659.409837,28.013343,620.870564,10.529016,0,659.409837,12,184,163,163,0,-0.1%,True
dagger-rust-generator-pair-iw520xrb-application-22-before,pilot,before,,,True,False,f4e7f189b10bde45eda253bf9c4ae0ab,1200.394229,27.759266,1159.735105,12.903361,221.346458,979.047771,30,455,434,434,0,-0.1%,True
dagger-rust-generator-pair-iw520xrb-application-22-after,pilot,after,,,True,False,5e1b9edfbaedfa422fbfccd83419d04f,1153.959558,27.881517,1112.606872,13.476234,209.168359,944.791199,30,455,434,434,0,-0.1%,True
dagger-rust-generator-pair-iw520xrb-application-22-before-messages,pilot,before,,,False,False,53d9965f28b0f1a5dcb9ffecd0997618,850.98601,28.444508,815.451355,7.09758,0,850.98601,12,184,163,163,0,-0.0%,True
dagger-rust-generator-pair-iw520xrb-application-22-after-messages,pilot,after,,,False,False,bc1f1afce8f37f82771938443fa26285,734.890878,27.999951,694.800439,12.095986,0,734.890878,12,184,163,163,0,-0.1%,True
dagger-rust-generator-pair-iw520xrb-application-23-after,pilot,after,,,True,False,6f0aea14970e1ba68a8d83850ad1ee6c,1072.117787,26.825846,1033.220726,12.075114,208.045508,864.0722789999999,30,455,434,434,0,-0.1%,True
dagger-rust-generator-pair-iw520xrb-application-23-before,pilot,before,,,True,False,8c01d25f0950f842d4a727f3a3b522d5,1154.519444,27.185453,1113.753258,13.586262,206.940795,947.578649,30,455,434,434,0,-0.1%,True
dagger-rust-generator-pair-iw520xrb-application-23-before-messages,pilot,before,,,False,False,72cb791db1910d26fee8fcaf199d88fc,737.710634,26.47336,702.136649,9.104852,0,737.710634,12,184,163,163,0,-0.0%,True
dagger-rust-generator-pair-iw520xrb-application-23-after-messages,pilot,after,,,False,False,1bd97a87c9fe1c2ba85ed81a7752bfc1,653.563179,28.612572,615.315151,9.640492,0,653.563179,12,184,163,163,0,-0.1%,True
dagger-rust-generator-pair-iw520xrb-application-24-before,pilot,before,,,True,False,b17249ade4af1e9ec992e7514adf1019,1162.180667,26.833423,1125.277012,10.07544,209.261916,952.918751,30,455,434,434,0,-0.1%,True
dagger-rust-generator-pair-iw520xrb-application-24-after,pilot,after,,,True,False,48e821dbb16f51bdd5defc6464e9fe1b,1092.339979,26.375102,1053.137578,12.831914,215.810533,876.5294460000001,30,455,434,434,0,-0.1%,True
dagger-rust-generator-pair-iw520xrb-application-24-before-messages,pilot,before,,,False,False,b11a01fbce12513b5a1d4d7324114beb,782.744395,27.084748,742.327385,13.336097,0,782.744395,12,184,163,163,0,-0.0%,True
dagger-rust-generator-pair-iw520xrb-application-24-after-messages,pilot,after,,,False,False,ea14cbe51ae703f2209d744a02a0a87d,685.130881,27.105129,646.636791,11.39311,0,685.130881,12,184,163,163,0,-0.0%,True
dagger-rust-generator-pair-iw520xrb-application-25-before,pilot,before,,,True,False,4f560d3c9def1ee52dbf5ad88a8adc2b,1201.532367,34.796963,1155.698382,11.041766,222.442771,979.089596,30,455,434,434,0,-0.1%,True
dagger-rust-generator-pair-iw520xrb-application-25-after,pilot,after,,,True,False,78aa0aef1af5d444a8a47a7604f6b28a,1196.617678,27.564212,1151.602151,17.456317,251.649266,944.9684120000001,30,455,434,434,0,-0.1%,True
dagger-rust-generator-pair-iw520xrb-application-25-before-messages,pilot,before,,,False,False,b6b75c97ab8ff01a4dc7a2f5208489c3,787.206686,34.889815,742.031332,10.289778,0,787.206686,12,184,163,163,0,-0.0%,True
dagger-rust-generator-pair-iw520xrb-application-25-after-messages,pilot,after,,,False,False,37946f14ee9c179df3ea04a0bc7f9715,717.559917,26.62487,680.099245,10.840891,0,717.559917,12,184,163,163,0,-0.1%,True
dagger-rust-generator-pair-iw520xrb-application-26-after,pilot,after,,,True,False,bc8b104be3c4db1347ecd821ffe28d5d,1070.617562,26.772138,1032.573748,11.276126,210.618341,859.9992209999999,30,455,434,434,0,-0.1%,True
dagger-rust-generator-pair-iw520xrb-application-26-before,pilot,before,,,True,False,e2fc06c1bd74f681dbc8c5a057dfe454,1137.762067,26.215917,1095.952349,15.598038,203.062777,934.6992899999999,30,455,434,434,0,-0.1%,True
dagger-rust-generator-pair-iw520xrb-application-26-before-messages,pilot,before,,,False,False,7f1d3f7be6030f648c1284f88c4ee514,798.546322,26.923063,760.528503,11.099186,0,798.546322,12,184,163,163,0,-0.0%,True
dagger-rust-generator-pair-iw520xrb-application-26-after-messages,pilot,after,,,False,False,15b73490cf7c77db288203c4f7bd18c9,688.479279,30.911058,645.489075,12.083048,0,688.479279,12,184,163,163,0,-0.0%,True
dagger-rust-generator-pair-iw520xrb-application-27-after,pilot,after,,,True,False,83ecb212877b865ba661f1ffcebf75ad,1118.447967,31.112042,1072.133667,15.207768,208.476915,909.9710520000001,30,455,434,434,0,-0.1%,True
dagger-rust-generator-pair-iw520xrb-application-27-before,pilot,before,,,True,False,2e4ecb3d2fe1bd2b801c8f2e7c36fdc5,1231.106579,27.004237,1187.872023,16.234928,226.933856,1004.172723,30,455,434,434,0,-0.1%,True
dagger-rust-generator-pair-iw520xrb-application-27-before-messages,pilot,before,,,False,False,06aac0f778b4dd30f8f6871d0c63e556,781.43302,28.411505,743.784706,9.242216,0,781.43302,12,184,163,163,0,-0.0%,True
dagger-rust-generator-pair-iw520xrb-application-27-after-messages,pilot,after,,,False,False,06757129506d3411ef8bee6f462da276,675.479376,27.893352,636.746261,10.843825,0,675.479376,12,184,163,163,0,-0.0%,True
dagger-rust-generator-pair-iw520xrb-application-28-before,pilot,before,,,True,False,da704dc5a88a30dddc8ed77d6be93925,1203.362813,27.537627,1160.370769,15.459019,219.754394,983.6084189999999,30,455,434,434,0,-0.1%,True
dagger-rust-generator-pair-iw520xrb-application-28-after,pilot,after,,,True,False,f774a57e6d16388bf748749f4297e74e,1158.788203,27.767612,1118.892506,12.132675,231.390191,927.3980120000001,30,455,434,434,0,-0.1%,True
dagger-rust-generator-pair-iw520xrb-application-28-before-messages,pilot,before,,,False,False,358a109fc5d480caf1ef853b385bc9aa,806.122985,28.732048,766.473191,10.921377,0,806.122985,12,184,163,163,0,-0.0%,True
dagger-rust-generator-pair-iw520xrb-application-28-after-messages,pilot,after,,,False,False,2283d0d9d644f2696444cb3dde9f2c85,707.19739,28.25285,668.804526,10.144131,0,707.19739,12,184,163,163,0,-0.1%,True
dagger-rust-generator-pair-iw520xrb-application-29-after,pilot,after,,,True,False,cf99e67231421ae9113cdc1c0723f11b,1050.908583,26.966948,1014.753447,9.191476,204.553471,846.355112,30,455,434,434,0,-0.1%,True
dagger-rust-generator-pair-iw520xrb-application-29-before,pilot,before,,,True,False,cdd23c5995cbea51c3d8d06690e625ab,1150.960661,28.602569,1112.402506,9.960627,204.571168,946.3894930000001,30,455,434,434,0,-0.1%,True
dagger-rust-generator-pair-iw520xrb-application-29-before-messages,pilot,before,,,False,False,cba9d836cfa9072758e01a17b4ab9ff9,805.92998,27.126256,767.482174,11.326642,0,805.92998,12,184,163,163,0,-0.1%,True
dagger-rust-generator-pair-iw520xrb-application-29-after-messages,pilot,after,,,False,False,4ac22073a2a055d7ca1c99f7fd26325a,709.082933,26.907074,670.921743,11.258021,0,709.082933,12,184,163,163,0,-0.0%,True
dagger-rust-generator-pair-iw520xrb-application-30-before,pilot,before,,,True,False,b2f1a3baebf0a3f08b61d97b5d52c389,1297.166869,27.917396,1252.552441,16.70333,219.754785,1077.4120839999998,30,455,434,434,0,-0.1%,True
dagger-rust-generator-pair-iw520xrb-application-30-after,pilot,after,,,True,False,cee4f2d473a838aebc88e91df00452e9,1110.737602,37.51106,1060.382005,12.84988,220.427233,890.3103689999999,30,455,434,434,0,-0.1%,True
dagger-rust-generator-pair-iw520xrb-application-30-before-messages,pilot,before,,,False,False,56c483bd8760747f79fdfebc097b24b8,756.337571,28.697508,718.92131,8.724078,0,756.337571,12,184,163,163,0,-0.0%,True
dagger-rust-generator-pair-iw520xrb-application-30-after-messages,pilot,after,,,False,False,8e7b156b9da8696d0191ece9d928e097,716.70951,27.972923,677.683085,11.05742,0,716.70951,12,184,163,163,0,-0.0%,True
dagger-rust-generator-pair-iw520xrb-library-0-before,pilot,before,,,True,True,f8dcaefdc96a83a28a6f2d3715485db5,1315.988719,28.439233,1275.180756,12.373129,295.474043,1020.514676,30,470,449,449,0,-0.1%,True
dagger-rust-generator-pair-iw520xrb-library-0-after,pilot,after,,,True,True,a7e744ad04d39f5005a04a6f4b3f5ded,1204.900244,27.480053,1163.971292,13.454007,254.529297,950.3709469999999,30,470,449,449,0,-0.1%,True
dagger-rust-generator-pair-iw520xrb-library-0-before-messages,pilot,before,,,False,True,93d231799aed66a167cc3cd3656b73bd,802.133098,28.159643,765.40151,8.576316,0,802.133098,12,184,163,163,0,-0.0%,True
dagger-rust-generator-pair-iw520xrb-library-0-after-messages,pilot,after,,,False,True,78a09d19b0dcfb2d0cfdbb68542fcab1,698.167083,27.426906,661.169963,9.574306,0,698.167083,12,184,163,163,0,-0.0%,True
dagger-rust-generator-pair-iw520xrb-library-1-after,pilot,after,,,True,False,ade5358e346dbc5a7c18d2b5e63a36c5,1278.010916,28.518708,1237.989382,11.508115,242.582055,1035.4288609999999,30,470,449,449,0,-0.1%,True
dagger-rust-generator-pair-iw520xrb-library-1-before,pilot,before,,,True,False,d99a033b1d18c1222f6bfecd99c7b825,1377.700974,26.639597,1339.244962,11.820285,274.318572,1103.3824020000002,30,470,449,449,0,-0.1%,True
dagger-rust-generator-pair-iw520xrb-library-1-before-messages,pilot,before,,,False,False,7d44093c2432c225d98dae4ea42b1df8,788.285715,27.082962,751.060834,10.146736,0,788.285715,12,184,163,163,0,-0.0%,True
dagger-rust-generator-pair-iw520xrb-library-1-after-messages,pilot,after,,,False,False,b723a16e92012dad94d51966054f5783,674.893954,26.898362,635.936208,12.064268,0,674.893954,12,184,163,163,0,-0.0%,True
dagger-rust-generator-pair-iw520xrb-library-2-after,pilot,after,,,True,False,79646c4eba09c57ba950dffc00cfa257,1353.340854,27.910185,1315.013995,10.422191,246.824219,1106.516635,30,470,449,449,0,-0.1%,True
dagger-rust-generator-pair-iw520xrb-library-2-before,pilot,before,,,True,False,8582e758a3a9aa09fcfdd1e6104275e1,1372.817148,27.516832,1334.042876,11.262886,241.422298,1131.3948500000001,30,470,449,449,0,-0.1%,True
dagger-rust-generator-pair-iw520xrb-library-2-before-messages,pilot,before,,,False,False,a6ed12a0abfc43a272c0232a65f229c7,771.248313,27.572741,733.497461,10.182178,0,771.248313,12,184,163,163,0,-0.0%,True
dagger-rust-generator-pair-iw520xrb-library-2-after-messages,pilot,after,,,False,False,adaa070d71d00e3747d9e5f5856f34b2,739.609742,27.652046,702.662584,9.30067,0,739.609742,12,184,163,163,0,-0.0%,True
dagger-rust-generator-pair-iw520xrb-library-3-before,pilot,before,,,True,False,48ae8a3b2041bb7cede654bad6aab28e,1612.265553,26.788209,1556.601943,28.880454,295.097031,1317.168522,30,470,449,449,0,-0.1%,True
dagger-rust-generator-pair-iw520xrb-library-3-after,pilot,after,,,True,False,0de67c51cb9809071bed587968be1070,1398.658281,38.02796,1348.351462,12.284708,294.691732,1103.966549,30,470,449,449,0,-0.1%,True
dagger-rust-generator-pair-iw520xrb-library-3-before-messages,pilot,before,,,False,False,d3cb1540deb0ae16caff7f057e4d6bf3,753.343705,27.695445,716.975042,8.677724,0,753.343705,12,184,163,163,0,-0.1%,True
dagger-rust-generator-pair-iw520xrb-library-3-after-messages,pilot,after,,,False,False,3bedf80b2cce42ab7ebf7c2bc0efd31c,660.179319,26.636624,622.638357,10.910089,0,660.179319,12,184,163,163,0,-0.1%,True
dagger-rust-generator-pair-iw520xrb-library-4-after,pilot,after,,,True,False,09a19ba4005196eeab41f14e31bd0420,1376.2931,29.151722,1332.570013,14.576956,274.994669,1101.2984310000002,30,470,449,449,0,-0.1%,True
dagger-rust-generator-pair-iw520xrb-library-4-before,pilot,before,,,True,False,c5927513dc10643924cbd9bc01d0152e,1529.696201,27.220517,1490.740705,11.739999,336.153195,1193.5430059999999,30,470,449,449,0,-0.1%,True
dagger-rust-generator-pair-iw520xrb-library-4-before-messages,pilot,before,,,False,False,b4d7ce36a615c1da4e084a38249870a8,782.690454,28.139858,744.739344,9.815368,0,782.690454,12,184,163,163,0,-0.0%,True
dagger-rust-generator-pair-iw520xrb-library-4-after-messages,pilot,after,,,False,False,179b1947734d43cb9bdf4e0acdc0b8a7,731.736814,27.483093,691.088074,13.169046,0,731.736814,12,184,163,163,0,-0.1%,True
dagger-rust-generator-pair-iw520xrb-library-5-before,pilot,before,,,True,False,279d2bb8a9a03588a0d84002fc9b3011,1493.735655,30.705026,1448.715209,14.320423,322.43195,1171.303705,30,470,449,449,0,-0.1%,True
dagger-rust-generator-pair-iw520xrb-library-5-after,pilot,after,,,True,False,aa52c48659f50e9608751958ab26aa12,1711.503314,31.118424,1670.312766,10.07773,389.2967,1322.2066140000002,30,470,449,449,0,-0.1%,True
dagger-rust-generator-pair-iw520xrb-library-5-before-messages,pilot,before,,,False,False,9ed02412f049c922baf7855002f97817,934.052646,26.105208,898.304845,9.646065,0,934.052646,12,184,163,163,0,-0.0%,True
dagger-rust-generator-pair-iw520xrb-library-5-after-messages,pilot,after,,,False,False,7f1a98c29f8aa5ac0e6b5c77ce95efe4,875.895918,28.135379,838.510886,9.253572,0,875.895918,12,184,163,163,0,-0.0%,True
dagger-rust-generator-pair-iw520xrb-library-6-before,pilot,before,,,True,False,bddcde3696baf093dfed5d3bf471556b,1833.170977,65.024933,1720.391882,47.760344,316.345949,1516.825028,30,470,449,449,0,-0.2%,True
dagger-rust-generator-pair-iw520xrb-library-6-after,pilot,after,,,True,False,c880757ddaea53444b02f5a6ff39a2ec,1472.009531,32.961729,1424.129964,14.922791,321.12842,1150.881111,30,470,449,449,0,-0.1%,True
dagger-rust-generator-pair-iw520xrb-library-6-before-messages,pilot,before,,,False,False,85a67863b1d473baa5bbd4898e86e303,936.633715,31.266599,894.436193,10.936447,0,936.633715,12,184,163,163,0,-0.0%,True
dagger-rust-generator-pair-iw520xrb-library-6-after-messages,pilot,after,,,False,False,b230c1b63776fa842b4cebf6454911d9,746.099769,26.96593,710.868783,8.270223,0,746.099769,12,184,163,163,0,-0.0%,True
dagger-rust-generator-pair-iw520xrb-library-7-after,pilot,after,,,True,False,01b6d73b6ba69ee9cf1007297317ff33,1373.43835,28.040986,1335.177548,10.224807,265.998627,1107.439723,30,469,0,449,1,-0.1%,False
dagger-rust-generator-pair-iw520xrb-library-7-before,pilot,before,,,True,False,c851be0f2511d0af2ab335aa9980a0b1,1531.056874,29.606658,1486.931694,14.524309,279.086382,1251.9704920000001,30,470,449,449,0,-0.1%,True
dagger-rust-generator-pair-iw520xrb-library-7-before-messages,pilot,before,,,False,False,aef1b9d46f4ffe77db434520b6013da3,791.777225,28.578155,752.435615,10.766755,0,791.777225,12,184,163,163,0,-0.1%,True
dagger-rust-generator-pair-iw520xrb-library-7-after-messages,pilot,after,,,False,False,b3196eb5e51a490236fc18a03dc91a76,698.155099,26.596337,660.734971,10.827015,0,698.155099,12,184,163,163,0,-0.1%,True
dagger-rust-generator-pair-iw520xrb-library-8-after,pilot,after,,,True,False,7aedcae53bda840e29a1d8c8afb115d1,1524.268046,27.360667,1481.687143,15.225659,290.949675,1233.3183709999998,30,470,449,449,0,-0.1%,True
dagger-rust-generator-pair-iw520xrb-library-8-before,pilot,before,,,True,False,f89ec71ce4d3f8b59342d3e9bc741b8e,1441.92806,26.662473,1399.629327,15.640513,280.34178,1161.58628,30,470,449,449,0,-0.1%,True
dagger-rust-generator-pair-iw520xrb-library-8-before-messages,pilot,before,,,False,False,8d55173b25c78054803a59ad1107aa48,798.7887,27.228003,761.093023,10.472874,0,798.7887,12,184,163,163,0,-0.1%,True
dagger-rust-generator-pair-iw520xrb-library-8-after-messages,pilot,after,,,False,False,0f86a6ddf76407dfe7415903ea4a38ea,762.00669,27.665505,721.952423,12.393222,0,762.00669,12,184,163,163,0,-0.0%,True
dagger-rust-generator-pair-iw520xrb-library-9-before,pilot,before,,,True,False,3bed6d73a388c7972195ce9853d56a3a,1420.869934,26.878833,1367.495717,26.500817,250.896295,1169.973639,30,470,449,449,0,-0.1%,True
dagger-rust-generator-pair-iw520xrb-library-9-after,pilot,after,,,True,False,d2f5cf1ab3cff578d75eecf0f3b4deab,1398.311145,49.571079,1334.797884,13.94632,267.194528,1131.116617,30,470,449,449,0,-0.1%,True
dagger-rust-generator-pair-iw520xrb-library-9-before-messages,pilot,before,,,False,False,7164e67c6db96b5be4529b68de83f941,751.693837,27.971265,715.545082,8.182928,0,751.693837,12,184,163,163,0,-0.1%,True
dagger-rust-generator-pair-iw520xrb-library-9-after-messages,pilot,after,,,False,False,fef4743e7933e6e5f6d944bf441a6f1b,715.563972,28.61442,675.830466,11.125357,0,715.563972,12,184,163,163,0,-0.0%,True
dagger-rust-generator-pair-iw520xrb-library-10-after,pilot,after,,,True,False,e822c8c3374d79de6b3ad2096f3c4b9c,1263.832805,27.550876,1223.934965,12.350989,252.881045,1010.95176,30,470,449,449,0,-0.2%,True
dagger-rust-generator-pair-iw520xrb-library-10-before,pilot,before,,,True,False,c97e6b0c5df6865aee7c473ca494d1ba,1443.883306,28.00997,1398.49352,17.384588,270.964763,1172.918543,30,470,449,449,0,-0.1%,True
dagger-rust-generator-pair-iw520xrb-library-10-before-messages,pilot,before,,,False,False,19b6002f720f9593771e2d8c1e2a1fb2,889.034102,28.235421,848.397232,12.406488,0,889.034102,12,184,163,163,0,-0.0%,True
dagger-rust-generator-pair-iw520xrb-library-10-after-messages,pilot,after,,,False,False,397c6759f4a6c03be8c8ace9a25c83a7,726.109289,26.681491,688.700317,10.73236,0,726.109289,12,184,163,163,0,-0.1%,True
dagger-rust-generator-pair-iw520xrb-library-11-before,pilot,before,,,True,False,913d676ee66916b622e2545ad06f669e,1429.986063,27.331894,1385.845711,16.812436,251.388461,1178.597602,30,470,449,449,0,-0.1%,True
dagger-rust-generator-pair-iw520xrb-library-11-after,pilot,after,,,True,False,d587e49eea96e38c6de8adf918a8d618,1441.812504,27.326384,1404.212629,10.278557,266.942314,1174.87019,30,469,0,449,1,-0.1%,False
dagger-rust-generator-pair-iw520xrb-library-11-before-messages,pilot,before,,,False,False,499a1212280d126620428a91bcc6dbbd,871.972834,28.196899,833.529965,10.251079,0,871.972834,12,184,163,163,0,-0.1%,True
dagger-rust-generator-pair-iw520xrb-library-11-after-messages,pilot,after,,,False,False,421cb05c8511edabaf23ce4413f52744,813.371098,26.426778,776.418218,10.531197,0,813.371098,12,184,163,163,0,-0.0%,True
dagger-rust-generator-pair-iw520xrb-library-12-before,pilot,before,,,True,False,80f3c3c37ab787d82fecc99c8936e34c,1474.60789,27.108429,1434.270404,13.234094,320.909848,1153.698042,30,470,449,449,0,-0.1%,True
dagger-rust-generator-pair-iw520xrb-library-12-after,pilot,after,,,True,False,ffbee755fb699c4b45635ef60b11290f,1395.833565,26.530172,1360.954618,8.35521,308.577157,1087.256408,30,470,449,449,0,-0.1%,True
dagger-rust-generator-pair-iw520xrb-library-12-before-messages,pilot,before,,,False,False,9a11ca1a681415fbc42ef02350af8654,843.139979,27.412707,805.466423,10.265383,0,843.139979,12,184,163,163,0,-0.0%,True
dagger-rust-generator-pair-iw520xrb-library-12-after-messages,pilot,after,,,False,False,dce12ae0f9a2c1076ca83e807fee4134,753.36202,27.035279,717.367428,8.964464,0,753.36202,12,184,163,163,0,-0.0%,True
dagger-rust-generator-pair-iw520xrb-library-13-after,pilot,after,,,True,False,7f74aaa79f68adfd28df0b40b7b4ebe4,1376.373144,27.440948,1335.52851,13.407444,282.886684,1093.4864599999999,30,470,449,449,0,-0.1%,True
dagger-rust-generator-pair-iw520xrb-library-13-before,pilot,before,,,True,False,4b2f88f9bbdaa45e5e96f3bf813c3966,1592.052314,27.658334,1551.815183,12.582368,390.737343,1201.314971,30,470,449,449,0,-0.0%,True
dagger-rust-generator-pair-iw520xrb-library-13-before-messages,pilot,before,,,False,False,87d5b5e0e572dc0ee885cea3a8c8cf20,807.441341,27.564182,770.083494,9.797231,0,807.441341,12,184,163,163,0,-0.1%,True
dagger-rust-generator-pair-iw520xrb-library-13-after-messages,pilot,after,,,False,False,9656a4b247c65f1014908c6cff85342f,863.923874,26.61339,827.938878,9.37611,0,863.923874,12,184,163,163,0,-0.0%,True
dagger-rust-generator-pair-iw520xrb-library-14-after,pilot,after,,,True,False,82e8bfd78c499eb10de6eb05e1b08582,1394.039403,27.656842,1352.539007,13.847902,262.895951,1131.143452,30,470,449,449,0,-0.1%,True
dagger-rust-generator-pair-iw520xrb-library-14-before,pilot,before,,,True,False,63ab1b84a0690ac6142259e61246aaed,1456.54018,26.836811,1415.298267,14.409778,294.341693,1162.198487,30,470,449,449,0,-0.1%,True
dagger-rust-generator-pair-iw520xrb-library-14-before-messages,pilot,before,,,False,False,7f65876502d680b48b59121c75a7854e,955.243016,27.957031,918.767918,8.52249,0,955.243016,12,184,163,163,0,-0.0%,True
dagger-rust-generator-pair-iw520xrb-library-14-after-messages,pilot,after,,,False,False,bf95124a4d53855eb0e92c6735e0637e,712.347908,29.318161,673.462246,9.575078,0,712.347908,12,184,163,163,0,-0.0%,True
dagger-rust-generator-pair-iw520xrb-library-15-before,pilot,before,,,True,False,42ab66345a452cbe9e23a83db116d1ca,1364.463045,26.21428,1325.853912,12.40001,269.341093,1095.121952,30,470,449,449,0,-0.1%,True
dagger-rust-generator-pair-iw520xrb-library-15-after,pilot,after,,,True,False,4685b963e8b4b330c87fbe3e6fdf42dc,1359.604018,28.235438,1318.503522,12.86953,263.480637,1096.1233809999999,30,470,449,449,0,-0.1%,True
dagger-rust-generator-pair-iw520xrb-library-15-before-messages,pilot,before,,,False,False,78fe6a96054274f4c7ce84366ad5ac6a,997.548103,28.790721,958.852553,9.910294,0,997.548103,12,184,163,163,0,-0.0%,True
dagger-rust-generator-pair-iw520xrb-library-15-after-messages,pilot,after,,,False,False,e0b27408ee52fbd7d054aad35b961a39,741.367324,28.461716,703.314438,9.596293,0,741.367324,12,184,163,163,0,-0.0%,True
dagger-rust-generator-pair-iw520xrb-library-16-after,pilot,after,,,True,False,80f93b89a29fedf18ad362f75371898b,1422.203889,35.12057,1380.373653,6.715232,309.169436,1113.0344529999998,30,470,449,449,0,-0.1%,True
dagger-rust-generator-pair-iw520xrb-library-16-before,pilot,before,,,True,False,f53aadfe48e9c3f5d3d0a20a0a414954,1601.73569,27.978775,1563.679992,10.082506,303.577073,1298.158617,30,470,449,449,0,-0.1%,True
dagger-rust-generator-pair-iw520xrb-library-16-before-messages,pilot,before,,,False,False,fe40c9942a007ad1784029334e98dc26,900.146442,32.644679,855.040571,12.465037,0,900.146442,12,184,163,163,0,-0.1%,True
dagger-rust-generator-pair-iw520xrb-library-16-after-messages,pilot,after,,,False,False,6ef2f818f7c9402e80574a6641d69b80,717.289972,26.784464,678.754427,11.755692,0,717.289972,12,184,163,163,0,-0.1%,True
dagger-rust-generator-pair-iw520xrb-library-17-before,pilot,before,,,True,False,421ebab341d33433db03cd5a550be714,1623.569759,28.48212,1581.065049,14.028183,245.90497,1377.664789,30,470,449,449,0,-0.1%,True
dagger-rust-generator-pair-iw520xrb-library-17-after,pilot,after,,,True,False,579bd0018806389c6e200789592b7fed,1377.052659,27.869983,1342.220391,6.967618,259.631967,1117.420692,30,470,449,449,0,-0.1%,True
dagger-rust-generator-pair-iw520xrb-library-17-before-messages,pilot,before,,,False,False,96964fdc6a7d86af47aa6708442fd842,814.063883,27.217028,776.225104,10.62908,0,814.063883,12,184,163,163,0,-0.0%,True
dagger-rust-generator-pair-iw520xrb-library-17-after-messages,pilot,after,,,False,False,ae0aa35bcad08f0ccf61dbc6bd28a41f,663.703954,26.898959,627.339655,9.469139,0,663.703954,12,184,163,163,0,-0.1%,True
dagger-rust-generator-pair-iw520xrb-library-18-before,pilot,before,,,True,False,5747bc2cfdb1a8cf9eb2d14a201e830e,1424.586591,28.663254,1383.626705,12.302488,258.201577,1166.385014,30,470,449,449,0,-0.1%,True
dagger-rust-generator-pair-iw520xrb-library-18-after,pilot,after,,,True,False,2d43a8f3833cddea3bf93ccd9050ec1a,1300.45735,27.338825,1256.89154,16.231713,275.218972,1025.238378,30,470,449,449,0,-0.1%,True
dagger-rust-generator-pair-iw520xrb-library-18-before-messages,pilot,before,,,False,False,5724377e650ee369716b463a77976795,857.854272,27.621234,818.978839,11.258076,0,857.854272,12,184,163,163,0,-0.1%,True
dagger-rust-generator-pair-iw520xrb-library-18-after-messages,pilot,after,,,False,False,ce85279a52b0c881b3593eea2106d5d9,691.109897,28.212421,651.69814,11.204301,0,691.109897,12,184,163,163,0,-0.1%,True
dagger-rust-generator-pair-iw520xrb-library-19-after,pilot,after,,,True,False,04123950c238538c7572032619e50db6,1397.95128,28.09759,1357.99613,11.861403,336.368447,1061.582833,30,470,449,449,0,-0.1%,True
dagger-rust-generator-pair-iw520xrb-library-19-before,pilot,before,,,True,False,ad294c99047aa585230877a5e71c8741,1610.292598,26.713385,1569.56126,14.022088,355.349118,1254.94348,30,470,449,449,0,-0.1%,True
dagger-rust-generator-pair-iw520xrb-library-19-before-messages,pilot,before,,,False,False,4affd6c5278f5f89a911f41d651cc46e,842.812868,26.868932,805.492256,10.456247,0,842.812868,12,184,163,163,0,-0.0%,True
dagger-rust-generator-pair-iw520xrb-library-19-after-messages,pilot,after,,,False,False,40f4462d937e0b9278df186322ccdb49,842.057736,27.122357,805.825952,9.114687,0,842.057736,12,184,163,163,0,-0.0%,True
dagger-rust-generator-pair-iw520xrb-library-20-after,pilot,after,,,True,False,6521d1bb182eaf75f456485805e50575,1495.226844,30.595466,1454.076454,10.560119,290.360448,1204.866396,30,470,449,449,0,-0.1%,True
dagger-rust-generator-pair-iw520xrb-library-20-before,pilot,before,,,True,False,d3043e42bad81724a174c7e40e54b272,1463.550006,29.84168,1424.973185,8.739098,275.443635,1188.1063709999999,30,470,449,449,0,-0.1%,True
dagger-rust-generator-pair-iw520xrb-library-20-before-messages,pilot,before,,,False,False,42975c17291d64e775c75321e8565d91,800.67378,27.597931,764.235013,8.84554,0,800.67378,12,184,163,163,0,-0.0%,True
dagger-rust-generator-pair-iw520xrb-library-20-after-messages,pilot,after,,,False,False,7892a94a127e68300e77da74e1997b8b,732.884764,26.958752,694.338663,11.59247,0,732.884764,12,184,163,163,0,-0.0%,True
dagger-rust-generator-pair-iw520xrb-library-21-before,pilot,before,,,True,False,95f9260e506b3e2c6587a4c1f97d2129,1476.706016,29.059616,1433.04681,14.604185,261.614721,1215.0912950000002,30,470,449,449,0,-0.1%,True
dagger-rust-generator-pair-iw520xrb-library-21-after,pilot,after,,,True,False,2db4787f9599bdf675516aa10b3bbec3,1389.413858,26.608983,1348.530759,14.279665,329.087399,1060.3264589999999,30,470,449,449,0,-0.1%,True
dagger-rust-generator-pair-iw520xrb-library-21-before-messages,pilot,before,,,False,False,3ce2608e5686c0c637729581d7d763b3,822.859015,30.329272,782.390805,10.143506,0,822.859015,12,184,163,163,0,-0.1%,True
dagger-rust-generator-pair-iw520xrb-library-21-after-messages,pilot,after,,,False,False,d8a55780010040b5ba967887a5366d4a,719.048526,27.357546,681.649191,10.047177,0,719.048526,12,184,163,163,0,-0.0%,True
dagger-rust-generator-pair-iw520xrb-library-22-after,pilot,after,,,True,False,f642b3e40a97382315a7136e9ebc00e8,1303.032167,26.127379,1264.962409,11.947579,247.721319,1055.310848,30,470,449,449,0,-0.1%,True
dagger-rust-generator-pair-iw520xrb-library-22-before,pilot,before,,,True,False,ef380556f7da2062099095152ee92af4,1489.539168,27.18214,1454.671111,7.690659,276.423786,1213.115382,30,470,449,449,0,-0.1%,True
dagger-rust-generator-pair-iw520xrb-library-22-before-messages,pilot,before,,,False,False,d334eae04a5b97969d0d6e0283a659fc,840.062502,29.950053,800.901732,9.214345,0,840.062502,12,184,163,163,0,-0.0%,True
dagger-rust-generator-pair-iw520xrb-library-22-after-messages,pilot,after,,,False,False,cc288e0b2b4420e9a2c167c6699d7047,774.772438,27.478943,735.246736,12.051004,0,774.772438,12,184,163,163,0,-0.0%,True
dagger-rust-generator-pair-iw520xrb-library-23-before,pilot,before,,,True,False,0afc1b60688287c45478e2e09fc454b4,1577.571118,26.62646,1538.525482,12.423091,292.697615,1284.873503,30,470,449,449,0,-0.1%,True
dagger-rust-generator-pair-iw520xrb-library-23-after,pilot,after,,,True,False,a3d733d836e8e94dbd939704ec9b7f58,1351.000964,27.826439,1316.619078,6.55997,288.937997,1062.062967,30,470,449,449,0,-0.1%,True
dagger-rust-generator-pair-iw520xrb-library-23-before-messages,pilot,before,,,False,False,b1d0641d91c0160f540731d3d34a1cd0,815.086936,27.210836,778.263741,9.61779,0,815.086936,12,184,163,163,0,-0.0%,True
dagger-rust-generator-pair-iw520xrb-library-23-after-messages,pilot,after,,,False,False,b44e9e47f763a9616155deadd9a3dfde,752.834451,27.292127,714.077056,11.470858,0,752.834451,12,184,163,163,0,-0.1%,True
dagger-rust-generator-pair-iw520xrb-library-24-before,pilot,before,,,True,False,4a137ea6111066b948054bb3873f9890,1539.741296,27.500565,1497.993078,14.252419,264.937375,1274.803921,30,470,449,449,0,-0.1%,True
dagger-rust-generator-pair-iw520xrb-library-24-after,pilot,after,,,True,False,372f754cd7947281ad56a0614845811a,1354.446042,28.301361,1318.651041,7.497736,316.868036,1037.578006,30,470,449,449,0,-0.1%,True
dagger-rust-generator-pair-iw520xrb-library-24-before-messages,pilot,before,,,False,False,0a2d49669c88b51375ff93288ca9ecce,825.526088,28.83815,785.997848,10.694187,0,825.526088,12,184,163,163,0,-0.1%,True
dagger-rust-generator-pair-iw520xrb-library-24-after-messages,pilot,after,,,False,False,6f3c851d18d1d2ba6b814434f5ebfbe4,697.627184,27.596028,652.142344,17.894644,0,697.627184,12,184,163,163,0,-0.1%,True
dagger-rust-generator-pair-iw520xrb-library-25-after,pilot,after,,,True,False,bc8217a9786c027ca88ee3c934a417bf,1443.120117,26.380498,1406.813642,9.930532,248.626484,1194.493633,30,470,449,449,0,-0.1%,True
dagger-rust-generator-pair-iw520xrb-library-25-before,pilot,before,,,True,False,607bfbbc24cdb88e73db6e9fec23d18d,1517.500895,28.123663,1473.237641,16.144513,276.676464,1240.824431,30,470,449,449,0,-0.1%,True
dagger-rust-generator-pair-iw520xrb-library-25-before-messages,pilot,before,,,False,False,d2d0dcb47ed884d80a9910cc3a6175ae,825.117257,27.612995,788.148122,9.359789,0,825.117257,12,184,163,163,0,-0.0%,True
dagger-rust-generator-pair-iw520xrb-library-25-after-messages,pilot,after,,,False,False,ebe3c5cb3e6b52112e53515f3239a925,724.385901,28.104999,683.586907,12.697994,0,724.385901,12,184,163,163,0,-0.0%,True
dagger-rust-generator-pair-iw520xrb-library-26-after,pilot,after,,,True,False,d6e223093424742d17f9f22095a7a97f,1404.046325,25.749131,1362.101383,16.20058,317.056393,1086.989932,30,470,449,449,0,-0.1%,True
dagger-rust-generator-pair-iw520xrb-library-26-before,pilot,before,,,True,False,69dc2ca76c1b30b14078e3be8b1e7b3f,1449.501711,27.202411,1410.000087,12.305075,264.933194,1184.568517,30,470,449,449,0,-0.1%,True
dagger-rust-generator-pair-iw520xrb-library-26-before-messages,pilot,before,,,False,False,ff54d37d7c5980633ec8cd23e1f2fc9d,959.962464,30.417328,918.710355,10.838139,0,959.962464,12,184,163,163,0,-0.0%,True
dagger-rust-generator-pair-iw520xrb-library-26-after-messages,pilot,after,,,False,False,ef2e6763eaa7bc4d7c4b68b4a2b30218,734.967025,28.114063,696.097444,10.760429,0,734.967025,12,184,163,163,0,-0.0%,True
dagger-rust-generator-pair-iw520xrb-library-27-before,pilot,before,,,True,False,4fccfd861300eb2e3d11ccf83fbea603,1441.329201,27.459237,1402.088369,11.786372,248.327383,1193.001818,30,470,449,449,0,-0.1%,True
dagger-rust-generator-pair-iw520xrb-library-27-after,pilot,after,,,True,False,118b77959008df83df1861d9147a8a55,1467.718472,27.167339,1427.684884,12.870001,293.440614,1174.277858,30,470,449,449,0,-0.1%,True
dagger-rust-generator-pair-iw520xrb-library-27-before-messages,pilot,before,,,False,False,cfcc6dbe77f8dbc66351a9e5d1de5d87,923.608078,28.222882,886.465829,8.923452,0,923.608078,12,184,163,163,0,-0.0%,True
dagger-rust-generator-pair-iw520xrb-library-27-after-messages,pilot,after,,,False,False,7e7e6bd0f9144aeb3908d327d82d21a3,726.373554,27.296435,687.190873,11.891609,0,726.373554,12,184,163,163,0,-0.0%,True
dagger-rust-generator-pair-iw520xrb-library-28-after,pilot,after,,,True,False,b6d5bcb570a4bb01897b6f025892554b,1455.829416,26.26363,1417.561763,12.008431,276.171266,1179.65815,30,470,449,449,0,-0.1%,True
dagger-rust-generator-pair-iw520xrb-library-28-before,pilot,before,,,True,False,23be1c68fa124bfb1ebbcdbd6f119864,1449.541677,27.892555,1410.533088,11.12474,280.568271,1168.973406,30,470,449,449,0,-0.1%,True
dagger-rust-generator-pair-iw520xrb-library-28-before-messages,pilot,before,,,False,False,c2d18bc790a15cf9a8ce69b7147b0216,818.888792,27.612296,781.436176,9.844533,0,818.888792,12,184,163,163,0,-0.0%,True
dagger-rust-generator-pair-iw520xrb-library-28-after-messages,pilot,after,,,False,False,d502634cae60604477b332da29559841,854.293721,28.307802,817.910889,8.079197,0,854.293721,12,184,163,163,0,-0.0%,True
dagger-rust-generator-pair-iw520xrb-library-29-before,pilot,before,,,True,False,624198f0b0193cca41fe58538294fc69,1474.034253,27.555321,1432.473003,14.01099,281.617133,1192.41712,30,470,449,449,0,-0.1%,True
dagger-rust-generator-pair-iw520xrb-library-29-after,pilot,after,,,True,False,3c60c2b7931c228d00244dd383b5b1ca,1325.767417,28.606296,1281.42079,15.745525,242.000548,1083.766869,30,470,449,449,0,-0.1%,True
dagger-rust-generator-pair-iw520xrb-library-29-before-messages,pilot,before,,,False,False,8da3385e7787dec5ad31b675e4e9805c,934.431318,26.886978,898.588855,8.95982,0,934.431318,12,184,163,163,0,-0.0%,True
dagger-rust-generator-pair-iw520xrb-library-29-after-messages,pilot,after,,,False,False,95be82661a283b27de011ac5afe3d4bc,669.448681,26.755361,626.409873,16.287998,0,669.448681,12,184,163,163,0,-0.0%,True
dagger-rust-generator-pair-iw520xrb-library-30-before,pilot,before,,,True,False,0d4954ec70647a39b827bec67b74e50c,1498.286008,27.109358,1454.868968,16.311683,297.613536,1200.672472,30,470,449,449,0,-0.1%,True
dagger-rust-generator-pair-iw520xrb-library-30-after,pilot,after,,,True,False,eee276847371bb34aad796dc3375951f,1591.839196,28.440012,1548.444306,14.960335,325.601598,1266.237598,30,470,449,449,0,-0.1%,True
dagger-rust-generator-pair-iw520xrb-library-30-before-messages,pilot,before,,,False,False,d4193bac60b95bbbd8359e70a09cefb8,937.128949,28.144918,899.521249,9.467556,0,937.128949,12,184,163,163,0,-0.0%,True
dagger-rust-generator-pair-iw520xrb-library-30-after-messages,pilot,after,,,False,False,b1cea7824e499e89e867ca8f52012ed2,734.966629,27.053207,697.021436,10.89662,0,734.966629,12,184,163,163,0,-0.0%,True
