label,scenario,sample,side,timed,warmup,start_unix_ns,end_unix_ns,milliseconds,exit_code
application-0-before,application,0,before,True,True,1789162174136806073,1789162175643672476,1506.860372,0
application-0-after,application,0,after,True,True,1789162175643974894,1789162177130239098,1486.258662,0
application-0-native,application,0,native,True,True,1789162177130564394,1789162177278344833,147.776373,0
application-1-before,application,1,before,True,False,1789162181197652848,1789162182498906230,1301.248372,0
application-1-native,application,1,native,True,False,1789162182499212126,1789162182645902399,146.681632,0
application-1-after,application,1,after,True,False,1789162182646158993,1789162183878098276,1231.934238,0
application-2-after,application,2,after,True,False,1789162186911596833,1789162188665841988,1754.238622,0
application-2-before,application,2,before,True,False,1789162188666155635,1789162190015012652,1348.851588,0
application-2-native,application,2,native,True,False,1789162190015328275,1789162190159225207,143.892232,0
application-3-after,application,3,after,True,False,1789162194218714382,1789162195804714257,1585.993369,0
application-3-native,application,3,native,True,False,1789162195805035764,1789162195997491518,192.450635,0
application-3-before,application,3,before,True,False,1789162195997821540,1789162197395404044,1397.576672,0
application-4-native,application,4,native,True,False,1789162200540226942,1789162200690358089,150.127058,0
application-4-before,application,4,before,True,False,1789162200690619762,1789162202789628033,2099.003367,0
application-4-after,application,4,after,True,False,1789162202789979902,1789162205256181658,2466.179291,0
application-5-native,application,5,native,True,False,1789162208598960461,1789162208749591159,150.625636,0
application-5-after,application,5,after,True,False,1789162208749938803,1789162210045642174,1295.697921,0
application-5-before,application,5,before,True,False,1789162210045936798,1789162211873217407,1827.275006,0
application-6-before,application,6,before,True,False,1789162215204595308,1789162216501960220,1297.360404,0
application-6-after,application,6,after,True,False,1789162216502207449,1789162217764123310,1261.909646,0
application-6-native,application,6,native,True,False,1789162217764474516,1789162217914591509,150.112068,0
application-7-before,application,7,before,True,False,1789162221184926043,1789162222848835371,1663.903959,0
application-7-native,application,7,native,True,False,1789162222849195379,1789162222997888341,148.689887,0
application-7-after,application,7,after,True,False,1789162222998158785,1789162224251114547,1252.951921,0
application-8-after,application,8,after,True,False,1789162227345019074,1789162229097001515,1751.977193,0
application-8-before,application,8,before,True,False,1789162229097351518,1789162230685466245,1588.109134,0
application-8-native,application,8,native,True,False,1789162230685817244,1789162230854089050,168.268356,0
application-9-after,application,9,after,True,False,1789162234268634130,1789162235499001480,1230.360662,0
application-9-native,application,9,native,True,False,1789162235499334225,1789162235649597118,150.259486,0
application-9-before,application,9,before,True,False,1789162235649844736,1789162237061874310,1412.024869,0
application-10-native,application,10,native,True,False,1789162239969947669,1789162240113696929,143.745252,0
application-10-before,application,10,before,True,False,1789162240113939850,1789162241371047919,1257.103705,0
application-10-after,application,10,after,True,False,1789162241371330584,1789162242620912354,1249.572933,0
application-11-native,application,11,native,True,False,1789162247181018309,1789162247493467825,312.444865,0
application-11-after,application,11,after,True,False,1789162247493857834,1789162250079717205,2585.853548,0
application-11-before,application,11,before,True,False,1789162250080055108,1789162252151463996,2071.403408,0
application-12-before,application,12,before,True,False,1789162255902772084,1789162257947356894,2044.580144,0
application-12-after,application,12,after,True,False,1789162257947714209,1789162260413318943,2465.598339,0
application-12-native,application,12,native,True,False,1789162260414060078,1789162260667932605,253.866331,0
application-13-before,application,13,before,True,False,1789162267175442874,1789162269656435916,2480.987286,0
application-13-native,application,13,native,True,False,1789162269656723765,1789162269818743461,162.016068,0
application-13-after,application,13,after,True,False,1789162269819033424,1789162271362301442,1543.262942,0
application-14-after,application,14,after,True,False,1789162275774986116,1789162278511681035,2736.689562,0
application-14-before,application,14,before,True,False,1789162278512023328,1789162280028597706,1516.56878,0
application-14-native,application,14,native,True,False,1789162280028886617,1789162280192251007,163.360667,0
application-15-after,application,15,after,True,False,1789162283656664806,1789162285034813936,1378.142599,0
application-15-native,application,15,native,True,False,1789162285035083444,1789162285206616865,171.529693,0
application-15-before,application,15,before,True,False,1789162285206889812,1789162286746131252,1539.236699,0
application-16-native,application,16,native,True,False,1789162292271882252,1789162292534630891,262.744054,0
application-16-before,application,16,before,True,False,1789162292534991561,1789162294500151004,1965.153945,0
application-16-after,application,16,after,True,False,1789162294500446328,1789162296246317257,1745.865878,0
application-17-native,application,17,native,True,False,1789162299885933509,1789162300141003158,255.063969,0
application-17-after,application,17,after,True,False,1789162300141359788,1789162302452274483,2310.908572,0
application-17-before,application,17,before,True,False,1789162302452654766,1789162303902202686,1449.541852,0
application-18-before,application,18,before,True,False,1789162307371324364,1789162308878745998,1507.416577,0
application-18-after,application,18,after,True,False,1789162308879034342,1789162310150120285,1271.081617,0
application-18-native,application,18,native,True,False,1789162310150421988,1789162310316121094,165.693593,0
application-19-before,application,19,before,True,False,1789162313678066317,1789162314962306050,1284.234743,0
application-19-native,application,19,native,True,False,1789162314962622398,1789162315111770566,149.144964,0
application-19-after,application,19,after,True,False,1789162315112042552,1789162316648085065,1536.037925,0
application-20-after,application,20,after,True,False,1789162319814593331,1789162321197112790,1382.513744,0
application-20-before,application,20,before,True,False,1789162321197492647,1789162322539579190,1342.080946,0
application-20-native,application,20,native,True,False,1789162322539894563,1789162322683497811,143.598839,0
application-21-after,application,21,after,True,False,1789162325760057712,1789162326920561619,1160.499992,0
application-21-native,application,21,native,True,False,1789162326920798072,1789162327062975161,142.173454,0
application-21-before,application,21,before,True,False,1789162327063243479,1789162328449455080,1386.206189,0
application-22-native,application,22,native,True,False,1789162331650995866,1789162331832929257,181.928345,0
application-22-before,application,22,before,True,False,1789162331833256385,1789162333148375481,1315.115112,0
application-22-after,application,22,after,True,False,1789162333148630650,1789162334520685538,1372.048838,0
application-23-native,application,23,native,True,False,1789162337799986499,1789162337947826159,147.835879,0
application-23-after,application,23,after,True,False,1789162337948085874,1789162340736268955,2788.17746,0
application-23-before,application,23,before,True,False,1789162340736655663,1789162346040010819,5303.349883,0
application-24-before,application,24,before,True,False,1789162350198790611,1789162355314868821,5116.070944,0
application-24-after,application,24,after,True,False,1789162355315170631,1789162359557595008,4242.419855,0
application-24-native,application,24,native,True,False,1789162359557832068,1789162360282534381,724.69264,0
application-25-before,application,25,before,True,False,1789162364498569356,1789162367665921668,3167.345137,0
application-25-native,application,25,native,True,False,1789162367666326106,1789162369336487806,1670.156962,0
application-25-after,application,25,after,True,False,1789162369336741517,1789162371392418686,2055.670992,0
application-26-after,application,26,after,True,False,1789162376300296426,1789162378306847833,2006.545563,0
application-26-before,application,26,before,True,False,1789162378307157192,1789162379597633012,1290.470766,0
application-26-native,application,26,native,True,False,1789162379597895881,1789162379740348807,142.447982,0
application-27-after,application,27,after,True,False,1789162383526174629,1789162384860460577,1334.28048,0
application-27-native,application,27,native,True,False,1789162384860800336,1789162385094612460,233.808695,0
application-27-before,application,27,before,True,False,1789162385094859305,1789162386350543973,1255.679492,0
application-28-native,application,28,native,True,False,1789162389399537727,1789162389547390674,147.848355,0
application-28-before,application,28,before,True,False,1789162389547632113,1789162390867080052,1319.442593,0
application-28-after,application,28,after,True,False,1789162390867356594,1789162392105870630,1238.509972,0
application-29-native,application,29,native,True,False,1789162395290733253,1789162395436177006,145.43976,0
application-29-after,application,29,after,True,False,1789162395436498497,1789162396825909828,1389.406391,0
application-29-before,application,29,before,True,False,1789162396826254649,1789162398188793546,1362.533167,0
application-30-before,application,30,before,True,False,1789162401410627486,1789162403493018578,2082.386157,0
application-30-after,application,30,after,True,False,1789162403493286802,1789162405171595230,1678.302936,0
application-30-native,application,30,native,True,False,1789162405171824401,1789162405316488723,144.660785,0
library-0-before,library,0,before,True,True,1789162408607969873,1789162410230778733,1622.804,0
library-0-native,library,0,native,True,True,1789162410231041876,1789162410420182922,189.136754,0
library-0-after,library,0,after,True,True,1789162410420455092,1789162411769752235,1349.291501,0
library-1-after,library,1,after,True,False,1789162414669570986,1789162416306458018,1636.883241,0
library-1-before,library,1,before,True,False,1789162416306712874,1789162417894255213,1587.536707,0
library-1-native,library,1,native,True,False,1789162417894631748,1789162418085517255,190.881805,0
library-2-after,library,2,after,True,False,1789162421092540163,1789162422547037842,1454.492706,0
library-2-native,library,2,native,True,False,1789162422547298791,1789162422739828060,192.525453,0
library-2-before,library,2,before,True,False,1789162422740085853,1789162424564676608,1824.585475,0
library-3-native,library,3,native,True,False,1789162427489703714,1789162427684313589,194.606116,0
library-3-before,library,3,before,True,False,1789162427684583117,1789162429632540753,1947.951447,0
library-3-after,library,3,after,True,False,1789162429633243727,1789162431512463098,1879.215397,0
library-4-native,library,4,native,True,False,1789162434977357465,1789162435166148300,188.786563,0
library-4-after,library,4,after,True,False,1789162435166479722,1789162436999623263,1833.138477,0
library-4-before,library,4,before,True,False,1789162437000016592,1789162440218958543,3218.935882,0
library-5-before,library,5,before,True,False,1789162444304902112,1789162446431451020,2126.538377,0
library-5-after,library,5,after,True,False,1789162446431730451,1789162448262673706,1830.937179,0
library-5-native,library,5,native,True,False,1789162448263007100,1789162448457418829,194.407597,0
library-6-before,library,6,before,True,False,1789162452165032662,1789162453973232877,1808.195217,0
library-6-native,library,6,native,True,False,1789162453973545761,1789162454192125337,218.5758,0
library-6-after,library,6,after,True,False,1789162454192404015,1789162456057896993,1865.487583,0
library-7-after,library,7,after,True,False,1789162458975577121,1789162460378201372,1402.619357,0
library-7-before,library,7,before,True,False,1789162460378509816,1789162462027303191,1648.787864,0
library-7-native,library,7,native,True,False,1789162462027582250,1789162462226559631,198.974173,0
library-8-after,library,8,after,True,False,1789162465183141002,1789162466905900460,1722.75431,0
library-8-native,library,8,native,True,False,1789162466906200473,1789162467090566341,184.362286,0
library-8-before,library,8,before,True,False,1789162467090839652,1789162468652842831,1561.999263,0
library-9-native,library,9,native,True,False,1789162471818445230,1789162472025079675,206.630951,0
library-9-before,library,9,before,True,False,1789162472025346467,1789162474442829736,2417.477484,0
library-9-after,library,9,after,True,False,1789162474443173931,1789162476498251275,2055.071401,0
library-10-native,library,10,native,True,False,1789162479719753596,1789162479924174938,204.41751,0
library-10-after,library,10,after,True,False,1789162479924452270,1789162481523746077,1599.289418,0
library-10-before,library,10,before,True,False,1789162481524019754,1789162483527780906,2003.756433,0
library-11-before,library,11,before,True,False,1789162487364369247,1789162488990040037,1625.666796,0
library-11-after,library,11,after,True,False,1789162488990299053,1789162490442950575,1452.646392,0
library-11-native,library,11,native,True,False,1789162490443245901,1789162490624231957,180.982722,0
library-12-before,library,12,before,True,False,1789162493514536808,1789162495484534824,1969.991961,0
library-12-native,library,12,native,True,False,1789162495484887472,1789162495779587101,294.694023,0
library-12-after,library,12,after,True,False,1789162495779938921,1789162497616979903,1837.035939,0
library-13-after,library,13,after,True,False,1789162501344873473,1789162502992061596,1647.183364,0
library-13-before,library,13,before,True,False,1789162502992339844,1789162505205459600,2213.113386,0
library-13-native,library,13,native,True,False,1789162505205825013,1789162505658630571,452.800616,0
library-14-after,library,14,after,True,False,1789162509121089832,1789162510827338569,1706.242188,0
library-14-native,library,14,native,True,False,1789162510827691404,1789162511043254199,215.558841,0
library-14-before,library,14,before,True,False,1789162511043569050,1789162512908576685,1865.001532,0
library-15-native,library,15,native,True,False,1789162516545265069,1789162516734076801,188.80812,0
library-15-before,library,15,before,True,False,1789162516734354779,1789162519617654791,2883.294171,0
library-15-after,library,15,after,True,False,1789162519617928765,1789162522681815588,3063.882212,0
library-16-native,library,16,native,True,False,1789162528076167495,1789162528449447627,373.275193,0
library-16-after,library,16,after,True,False,1789162528449812236,1789162531562457198,3112.639175,0
library-16-before,library,16,before,True,False,1789162531562834179,1789162534819461746,3256.621067,0
library-17-before,library,17,before,True,False,1789162541200850963,1789162544690461753,3489.603823,0
library-17-after,library,17,after,True,False,1789162544690849338,1789162547206193320,2515.337908,0
library-17-native,library,17,native,True,False,1789162547206611304,1789162547441989462,235.374451,0
library-18-before,library,18,before,True,False,1789162551800920009,1789162554767097510,2966.172147,0
library-18-native,library,18,native,True,False,1789162554767454109,1789162554967002946,199.545242,0
library-18-after,library,18,after,True,False,1789162554967292165,1789162556705093914,1737.796228,0
library-19-after,library,19,after,True,False,1789162559952413771,1789162561700774018,1748.354362,0
library-19-before,library,19,before,True,False,1789162561701131888,1789162563844787001,2143.649419,0
library-19-native,library,19,native,True,False,1789162563845205123,1789162564244095289,398.884646,0
library-20-after,library,20,after,True,False,1789162567675877728,1789162569192079853,1516.197002,0
library-20-native,library,20,native,True,False,1789162569192401594,1789162569419962390,227.556765,0
library-20-before,library,20,before,True,False,1789162569420283830,1789162571196970559,1776.68159,0
library-21-native,library,21,native,True,False,1789162574413007718,1789162574618529481,205.517527,0
library-21-before,library,21,before,True,False,1789162574618779477,1789162576786636731,2167.852904,0
library-21-after,library,21,after,True,False,1789162576786980992,1789162578407628164,1620.641675,0
library-22-native,library,22,native,True,False,1789162581832914758,1789162582075275498,242.356185,0
library-22-after,library,22,after,True,False,1789162582075575927,1789162583811782982,1736.202904,0
library-22-before,library,22,before,True,False,1789162583812064715,1789162585651326286,1839.255617,0
library-23-before,library,23,before,True,False,1789162588955472114,1789162590927089177,1971.611415,0
library-23-after,library,23,after,True,False,1789162590927425204,1789162592343977460,1416.547079,0
library-23-native,library,23,native,True,False,1789162592344281207,1789162592533705931,189.420796,0
library-24-before,library,24,before,True,False,1789162595985334265,1789162599999376980,4014.036419,0
library-24-native,library,24,native,True,False,1789162599999704041,1789162600553159635,553.450492,0
library-24-after,library,24,after,True,False,1789162600553529508,1789162604460804833,3907.268278,0
library-25-after,library,25,after,True,False,1789162610332281471,1789162613617946859,3285.658863,0
library-25-before,library,25,before,True,False,1789162613618332264,1789162617293155562,3674.815308,0
library-25-native,library,25,native,True,False,1789162617293520183,1789162617631211527,337.685984,0
library-26-after,library,26,after,True,False,1789162623469776846,1789162625551069127,2081.286037,0
library-26-native,library,26,native,True,False,1789162625551380421,1789162625849239142,297.85343,0
library-26-before,library,26,before,True,False,1789162625849642784,1789162628001220529,2151.571519,0
library-27-native,library,27,native,True,False,1789162633236563250,1789162633441539562,204.972159,0
library-27-before,library,27,before,True,False,1789162633441814180,1789162635452136247,2010.317673,0
library-27-after,library,27,after,True,False,1789162635452470790,1789162637311284223,1858.808124,0
library-28-native,library,28,native,True,False,1789162640906898011,1789162641173822189,266.918982,0
library-28-after,library,28,after,True,False,1789162641174186258,1789162643163723376,1989.530686,0
library-28-before,library,28,before,True,False,1789162643164164351,1789162645223943174,2059.77387,0
library-29-before,library,29,before,True,False,1789162649289312918,1789162651610250835,2320.931288,0
library-29-after,library,29,after,True,False,1789162651610570420,1789162653305230226,1694.655194,0
library-29-native,library,29,native,True,False,1789162653305596608,1789162653516158999,210.558482,0
library-30-before,library,30,before,True,False,1789162656578573243,1789162658332197732,1753.620142,0
library-30-native,library,30,native,True,False,1789162658332468107,1789162658529451598,196.979672,0
library-30-after,library,30,after,True,False,1789162658529698345,1789162659962508399,1432.805398,0
