label,timed,warmup,trace_id,process_ms,before_root_ms,root_ms,after_root_ms,cargo_exec_ms,non_exec_process_ms,query_count,spans,declared_engine_spans,received_engine_spans,gate_exit,replay_drift,complete_expected_execs
application-0-before,True,True,97386b56a54ef87f2cfb6de77193f376,2208.124866,35.211838,2157.462863,15.454439,237.853521,1970.271345,30,521,500,500,0,-0.1%,True
application-0-after,True,True,d4cd64b75293d125be1e2c73c5be810e,1416.597011,27.738789,1374.031777,14.830999,242.719393,1173.877618,30,464,443,443,0,-0.1%,True
application-0-before-messages,False,True,0d7a094f349742d414aad8d0765a17e6,923.206995,29.72192,876.94314,16.545975,0,923.206995,12,184,163,163,0,-0.0%,True
application-0-after-messages,False,True,b10251091c985ac23eb0699dfb6d7d27,817.427152,29.989373,772.945252,14.496795,0,817.427152,12,184,163,163,0,-0.0%,True
application-1-before,True,False,bf9e9898055d868965f9c7f3ae7afaff,2092.673395,30.236944,2047.178837,15.263348,229.139264,1863.534131,30,473,452,452,0,-0.1%,True
application-1-after,True,False,781fede9b3fd2271edb1a5a26c5dab2d,1350.540123,31.47926,1306.070086,13.002021,235.831886,1114.708237,30,464,443,443,0,-0.1%,True
application-1-before-messages,False,False,0668a75eca5d3a52d15c40a5096e583a,851.16927,27.671596,812.933191,10.568583,0,851.16927,12,184,163,163,0,-0.0%,True
application-1-after-messages,False,False,04dc8c373c095ad57fe50983c87cb568,950.733519,28.557311,914.208302,7.972364,0,950.733519,12,184,163,163,0,-0.1%,True
application-2-after,True,False,a1a25f652887994282f7061ee32598c3,1268.55546,28.210409,1228.132147,12.21819,266.500272,1002.055188,30,464,443,443,0,-0.1%,True
application-2-before,True,False,351c23ae98c24fbc45eccd0a9ce86e7e,1873.081058,27.585613,1831.855627,13.64325,231.450102,1641.630956,30,473,452,452,0,-0.1%,True
application-2-before-messages,False,False,c74b6bb4b2e77407ef198ca120592c62,733.296577,27.663474,694.115091,11.523082,0,733.296577,12,184,163,163,0,-0.1%,True
application-2-after-messages,False,False,3cad1cf7ac9ec78cfbf0f0aef2ee1fd3,754.14818,33.088199,712.282001,8.782568,0,754.14818,12,184,163,163,0,-0.1%,True
application-3-after,True,False,9bc47a2bcbb00d07f51df00c6e3740a2,1285.197381,29.825988,1241.379697,13.996701,238.846385,1046.350996,30,464,443,443,0,-0.1%,True
application-3-before,True,False,497e7bf5539e391bc5af9dce203634b6,1974.767528,28.58513,1930.573803,15.61518,236.082481,1738.6850470000002,30,473,452,452,0,-0.1%,True
application-3-before-messages,False,False,80248123a7a8746fa4dcab49344c1d83,757.709801,29.572715,717.068628,11.071499,0,757.709801,12,184,163,163,0,-0.0%,True
application-3-after-messages,False,False,db6985e7506fc15b7e421f8043db829d,906.298119,28.318386,855.282087,22.702722,0,906.298119,12,184,163,163,0,-0.0%,True
application-4-before,True,False,3260c4d8a668b9a4b4ea8352313a4f14,2059.224087,31.95807,2018.080126,9.189645,250.727936,1808.496151,30,473,452,452,0,-0.1%,True
application-4-after,True,False,7fd76a861b1716d4da8d561d81732270,1466.00825,27.833026,1422.914572,15.26467,316.135985,1149.872265,30,464,443,443,0,-0.1%,True
application-4-before-messages,False,False,ea5d0ecfb630bab6b7add94e54592079,954.48004,27.240911,917.588795,9.659628,0,954.48004,12,184,163,163,0,-0.0%,True
application-4-after-messages,False,False,f3994776ceb6ddc012f0069761a15f74,843.616736,27.104499,805.623534,10.893901,0,843.616736,12,184,163,163,0,-0.1%,True
application-5-after,True,False,9ae0f7885448ae77726e355eff4af5af,1217.524395,26.818482,1176.78535,13.925103,213.059494,1004.4649009999999,30,464,443,443,0,-0.1%,True
application-5-before,True,False,c19b9ea2c2fffe456f1839baeb160e39,2140.25714,27.769148,2100.934114,11.558994,288.679804,1851.5773360000003,30,473,452,452,0,-0.1%,True
application-5-before-messages,False,False,3dbe6fcc7e92f4fdd8c0beadcab1ba15,803.985649,30.664354,761.951369,11.374639,0,803.985649,12,184,163,163,0,-0.1%,True
application-5-after-messages,False,False,3d5c973c56eb73926ae611cbb5873766,918.555401,29.183533,879.371591,10.004275,0,918.555401,12,184,163,163,0,-0.0%,True
application-6-before,True,False,e3f97939cd14a8b5f4673ed16de8e214,1825.273963,27.665877,1784.445296,13.167895,231.965654,1593.308309,30,473,452,452,0,-0.1%,True
application-6-after,True,False,f4dbe839ba04bd3504e09ac24e2480b1,1405.218976,27.132323,1365.383877,12.706193,255.826353,1149.3926230000002,30,464,443,443,0,-0.1%,True
application-6-before-messages,False,False,bd5ecb152bcd723e5aa765cd47ce227c,796.236955,29.044555,757.601694,9.595963,0,796.236955,12,184,163,163,0,-0.0%,True
application-6-after-messages,False,False,5c9965a00b8d084156825e0d39e2a215,855.037784,27.977274,817.984252,9.080012,0,855.037784,12,184,163,163,0,-0.0%,True
application-7-before,True,False,be55ad837474d46d2bbf6b92c4047940,1873.572766,26.997341,1835.365189,11.215523,234.989922,1638.582844,30,473,452,452,0,-0.1%,True
application-7-after,True,False,14c7c7f764b4d355577528a2fd64937f,1161.605965,27.622613,1121.22201,12.765783,228.912168,932.6937969999999,30,464,443,443,0,-0.1%,True
application-7-before-messages,False,False,e487c1699dea75866246aae823be844e,930.450215,27.672934,890.591502,12.189799,0,930.450215,12,184,163,163,0,-0.0%,True
application-7-after-messages,False,False,009d3199d75815a0d90176cd51756bc7,814.551185,28.954142,774.86358,10.737873,0,814.551185,12,184,163,163,0,-0.1%,True
application-8-after,True,False,76a43c937acd2b1869f7e5693385d297,1306.800637,29.047949,1262.806935,14.949211,256.231536,1050.569101,30,464,443,443,0,-0.1%,True
application-8-before,True,False,fe42af6c94e2fd742c389d1c8dd14e4b,1943.721439,28.646233,1902.94572,12.13364,249.385594,1694.3358449999998,30,473,452,452,0,-0.1%,True
application-8-before-messages,False,False,94a73ed923a9db6f89cd3b13be6555e3,732.593526,27.690797,694.303356,10.603033,0,732.593526,12,184,163,163,0,-0.1%,True
application-8-after-messages,False,False,9fef279b3fbd22c92e3aeb94ddbf90e3,921.592973,27.492951,883.652354,10.452155,0,921.592973,12,184,163,163,0,-0.1%,True
application-9-after,True,False,cbdcb4fcca7eea0e0fbd1dfb45b61e04,1312.720268,26.655802,1271.062874,15.006498,252.54676,1060.173508,30,464,443,443,0,-0.1%,True
application-9-before,True,False,95f20b2eae4360f5044f6fe428d13ef8,1929.157108,27.210625,1891.026,10.925379,209.788032,1719.3690760000002,30,473,452,452,0,-0.1%,True
application-9-before-messages,False,False,45bb7673bf5325d916fc91b92c34a7df,754.648419,27.726386,717.662122,9.267352,0,754.648419,12,184,163,163,0,-0.0%,True
application-9-after-messages,False,False,238dee1cd7f52e2952108be6e866dfc0,732.852629,27.788096,692.503455,12.565825,0,732.852629,12,184,163,163,0,-0.0%,True
application-10-before,True,False,834420aca5874152e5c7988ff9090703,2090.170431,26.717991,2050.310009,13.147047,268.01087,1822.159561,30,473,452,452,0,-0.1%,True
application-10-after,True,False,f2660ce3cd87f202406123f7fed17303,1289.707849,27.59176,1244.052663,18.068307,268.905509,1020.80234,30,464,443,443,0,-0.1%,True
application-10-before-messages,False,False,0b7c47dfecaf49bcf75c59c43d982b89,729.798258,31.14407,689.008423,9.650509,0,729.798258,12,184,163,163,0,-0.1%,True
application-10-after-messages,False,False,b1693bb8757bf49ac1baa42713642341,750.568292,28.593588,711.540804,10.439268,0,750.568292,12,184,163,163,0,-0.0%,True
application-11-after,True,False,7de7a473cd4b7651989b9483316cb993,1292.081612,28.332456,1250.72016,13.033616,279.520988,1012.560624,30,464,443,443,0,-0.1%,True
application-11-before,True,False,659719fbad4244c0ed491923fea66d7e,1902.004923,31.505853,1858.99681,11.506578,256.289753,1645.71517,30,473,452,452,0,-0.1%,True
application-11-before-messages,False,False,c849758e9128430644c9b4032ed458c9,715.071244,29.074169,676.280958,9.720603,0,715.071244,12,184,163,163,0,-0.1%,True
application-11-after-messages,False,False,1d965ac2246be0fd9f2542e2402a2143,720.004084,26.704064,681.41894,11.885129,0,720.004084,12,184,163,163,0,-0.1%,True
application-12-before,True,False,d4d24b261a2ca52249d831a81e58eca4,1884.894257,26.914639,1845.886045,12.09934,251.55194,1633.3423169999999,30,473,452,452,0,-0.1%,True
application-12-after,True,False,cb6da6d4a8c35636b026ec4d2703118f,1241.728738,26.44149,1204.166336,11.125692,235.750873,1005.9778650000001,30,464,443,443,0,-0.1%,True
application-12-before-messages,False,False,8d0ce3e04498d7743fe4e132eb3e6dc5,950.821826,28.421822,912.425673,9.97799,0,950.821826,12,184,163,163,0,-0.0%,True
application-12-after-messages,False,False,06da432d1f77eae33ae8dbae98b9d956,918.786747,27.287067,880.662682,10.841943,0,918.786747,12,184,163,163,0,-0.0%,True
application-13-before,True,False,1d971f6798c630c46f128cccefb3e986,2026.680409,28.920672,1985.681325,12.082614,261.319241,1765.3611680000001,30,473,452,452,0,-0.1%,True
application-13-after,True,False,9f193b3c1a279f958acc4e1362633e21,1401.299833,27.753171,1361.638792,11.912939,250.218075,1151.081758,30,464,443,443,0,-0.1%,True
application-13-before-messages,False,False,1b6b2380ca8bb2369f346c0012ac6d36,917.086522,31.421158,873.825102,11.844565,0,917.086522,12,184,163,163,0,-0.1%,True
application-13-after-messages,False,False,3dba9471b4e6837249e1d3a58890ec18,760.160307,25.867252,722.285125,12.012351,0,760.160307,12,184,163,163,0,-0.0%,True
application-14-after,True,False,fcb7d93e281fd97ac34e0f9c868e1e75,1322.212106,27.946465,1276.305258,17.965014,289.834143,1032.377963,30,464,443,443,0,-0.1%,True
application-14-before,True,False,6cd811b74a068381d3b8955a24178a4a,1979.217525,31.040737,1933.469874,14.711751,259.395217,1719.822308,30,473,452,452,0,-0.1%,True
application-14-before-messages,False,False,32059c7e49af55596a0f2f1f0e635dd2,810.553762,33.994484,765.549041,11.013893,0,810.553762,12,184,163,163,0,-0.0%,True
application-14-after-messages,False,False,d2bb7e1cfc123027c026c66240529228,865.464417,42.137671,811.079098,12.252928,0,865.464417,12,184,163,163,0,-0.0%,True
application-15-after,True,False,6136318bf87ba0fe2fc4226d556c981e,1285.801754,28.979359,1243.796778,13.030861,244.433094,1041.36866,30,464,443,443,0,-0.1%,True
application-15-before,True,False,13a57cf9955d5485c59b3c35fae5fcfe,2066.712624,27.818787,2026.685521,12.211931,308.282708,1758.4299159999998,30,473,452,452,0,-0.1%,True
application-15-before-messages,False,False,fccf50ef55c489b8f1cf1f99138ba72f,772.762224,27.994694,730.904872,13.865972,0,772.762224,12,184,163,163,0,-0.0%,True
application-15-after-messages,False,False,7f1a3e35d0356ad7710068a382c1dac6,727.749794,26.916579,688.16622,12.671583,0,727.749794,12,184,163,163,0,-0.1%,True
application-16-before,True,False,82b106ec43673acad0192c677fe5d268,1903.136958,27.874487,1862.916919,12.350943,243.813695,1659.323263,30,473,452,452,0,-0.1%,True
application-16-after,True,False,f6845f0f4e430fb84973655940004e27,1389.569866,27.320989,1349.602171,12.650969,303.004397,1086.5654690000001,30,464,443,443,0,-0.1%,True
application-16-before-messages,False,False,39fed4f918e48de83a78420550aef3b2,767.036456,28.519318,726.351005,12.170372,0,767.036456,12,184,163,163,0,-0.1%,True
application-16-after-messages,False,False,ac4ba1a3015207cdb76e4852f85faf62,718.820291,27.513941,681.295419,10.015246,0,718.820291,12,184,163,163,0,-0.0%,True
application-17-after,True,False,da2decf1aa7850684c37c7d825030dde,1312.121311,26.658172,1272.389312,13.078284,234.446418,1077.674893,30,464,443,443,0,-0.1%,True
application-17-before,True,False,d260925057e8bc0611964dd9ca636d82,1822.295936,28.246412,1783.560753,10.492508,251.71583,1570.580106,30,473,452,452,0,-0.1%,True
application-17-before-messages,False,False,13197b1b3d3babf6291e7f6e970ca059,831.053548,27.581604,794.507916,8.967921,0,831.053548,12,184,163,163,0,-0.0%,True
application-17-after-messages,False,False,603e518858fea210c8bff660565307c1,858.6095,29.332225,819.243837,10.037348,0,858.6095,12,184,163,163,0,-0.0%,True
application-18-before,True,False,02255034752c12992713adacdb76ba2a,1968.039617,27.195689,1929.382494,11.465022,281.307124,1686.732493,30,473,452,452,0,-0.1%,True
application-18-after,True,False,31f33deb38f2fa1fe744482eca2c2383,1312.32925,28.524524,1270.237327,13.572634,278.66046,1033.66879,30,464,443,443,0,-0.1%,True
application-18-before-messages,False,False,eb708a866c52a8c8d01e50bced97eeea,908.186475,30.348055,866.144354,11.699012,0,908.186475,12,184,163,163,0,-0.0%,True
application-18-after-messages,False,False,cf0969ec6d8bbe81a86bcb659b7948c0,835.236326,28.335132,795.526027,11.379641,0,835.236326,12,184,163,163,0,-0.0%,True
application-19-before,True,False,d7ed6a14311a0128af077ec85bf2e669,1930.208258,27.364126,1889.674306,13.174584,245.354433,1684.853825,30,473,452,452,0,-0.1%,True
application-19-after,True,False,38663ec6ddf01889687458958e534663,1233.464239,27.056338,1184.066623,22.346487,244.495238,988.9690009999999,30,464,443,443,0,-0.1%,True
application-19-before-messages,False,False,45f72e512f34de761c17540c64c5f5ff,780.727059,42.362757,726.411919,11.955789,0,780.727059,12,184,163,163,0,-0.0%,True
application-19-after-messages,False,False,629100a84838421f3ef5b2ad4b8e6572,784.510654,26.563418,748.926863,9.024461,0,784.510654,12,184,163,163,0,-0.0%,True
application-20-after,True,False,52677c62bb60f0a901e86d483eb07e48,1304.180215,28.982265,1258.229071,16.974838,268.627595,1035.5526200000002,30,464,443,443,0,-0.1%,True
application-20-before,True,False,91399e1c3b1b8a94c432ce675f1c7e57,2017.082609,33.813155,1961.021812,22.252425,351.34198,1665.7406290000001,30,473,452,452,0,-0.1%,True
application-20-before-messages,False,False,cc2b85afcbf02f42668d24fc0730f123,812.2319,29.007577,770.151101,13.077005,0,812.2319,12,184,163,163,0,-0.0%,True
application-20-after-messages,False,False,c6ce3ca74a48ebeccfdc8a96d3b61442,848.586782,27.512819,812.403599,8.674446,0,848.586782,12,184,163,163,0,-0.1%,True
application-21-after,True,False,f03a78cb9a0f033d9270e236bb157df5,1340.301276,31.476473,1293.352609,15.478529,259.186473,1081.114803,30,464,443,443,0,-0.1%,True
application-21-before,True,False,dbd71620a37703338a92c412b0313fc7,2012.239409,28.098054,1970.803956,13.341743,275.71568,1736.523729,30,473,452,452,0,-0.1%,True
application-21-before-messages,False,False,4dae88c2e22218057ffabd23b76e63b5,861.47673,39.569679,813.46715,8.444372,0,861.47673,12,184,163,163,0,-0.0%,True
application-21-after-messages,False,False,a3107b31475644bb03730e1ec5adb09e,751.478946,27.560964,713.391121,10.530962,0,751.478946,12,184,163,163,0,-0.1%,True
application-22-before,True,False,cbc3c88b2ed56317fa23a6e71b868a3c,2016.460395,27.1791,1976.755375,12.530951,249.496797,1766.963598,30,473,452,452,0,-0.1%,True
application-22-after,True,False,5baaac9199a17b0c8473b174c47fae2b,1330.60149,31.297001,1284.662353,14.645635,262.902642,1067.698848,30,464,443,443,0,-0.1%,True
application-22-before-messages,False,False,5f4e7e257139cf8fb061174b2e5d5423,712.509758,28.855829,672.631082,11.027118,0,712.509758,12,184,163,163,0,-0.1%,True
application-22-after-messages,False,False,52888063cf99fecc838c9656cc658b10,814.090666,28.656536,774.41302,11.024952,0,814.090666,12,184,163,163,0,-0.0%,True
application-23-after,True,False,65b17bbc411b799590b1371708a3eac2,1305.616366,28.370992,1264.817562,12.432141,257.300893,1048.315473,30,464,443,443,0,-0.1%,True
application-23-before,True,False,b012a9926ab7363794b517203c402da5,1921.289702,28.191849,1881.720129,11.383064,299.26257,1622.0271320000002,30,473,452,452,0,-0.1%,True
application-23-before-messages,False,False,76b3139082cdc19a56cb29fcf7143ce4,835.317765,29.74804,792.183713,13.391821,0,835.317765,12,184,163,163,0,-0.0%,True
application-23-after-messages,False,False,16bf80614af6fd82a9f6099b199e79b5,792.419666,30.195711,749.207085,13.022372,0,792.419666,12,184,163,163,0,-0.0%,True
application-24-before,True,False,4ea0ba3531a14c395ec3f532c067e455,1940.64208,28.07421,1901.399924,11.172424,250.781005,1689.861075,30,473,452,452,0,-0.1%,True
application-24-after,True,False,03b6d22b93e865598ff9ed6dcf67ac32,1235.555994,27.493353,1191.833528,16.234058,215.199043,1020.3569510000001,30,464,443,443,0,-0.1%,True
application-24-before-messages,False,False,03dee147c95001c2fe42c598465be737,884.781041,26.962333,845.750163,12.072916,0,884.781041,12,184,163,163,0,-0.1%,True
application-24-after-messages,False,False,b3f12dedd40791e6fdd7f89604021ae2,880.846427,26.655081,844.636127,9.558887,0,880.846427,12,184,163,163,0,-0.0%,True
application-25-before,True,False,b4a493fbf3de7ea298b597dc8bf8581d,1829.344511,29.476829,1787.291498,12.581116,235.898039,1593.446472,30,473,452,452,0,-0.1%,True
application-25-after,True,False,33559bc2c4a8f3027d60a4fb8c2d789a,1243.768054,27.856021,1198.560155,17.356714,237.013955,1006.7540989999999,30,464,443,443,0,-0.1%,True
application-25-before-messages,False,False,33e33486503a93c933df8997c88e6591,724.967007,27.912616,685.282375,11.775575,0,724.967007,12,184,163,163,0,-0.1%,True
application-25-after-messages,False,False,719ff9e26172073595e36a8962589431,886.84643,27.669157,848.988916,10.191576,0,886.84643,12,184,163,163,0,-0.0%,True
application-26-after,True,False,d9fe9714665e35ccdbfadadcfe061532,1328.552021,27.320911,1289.444528,11.789757,219.912099,1108.6399219999998,30,464,443,443,0,-0.1%,True
application-26-before,True,False,20a20b0bb0b810fd68642d24968d1e1f,1895.93604,26.546843,1856.545613,12.847257,267.037473,1628.8985670000002,30,473,452,452,0,-0.1%,True
application-26-before-messages,False,False,1941c29b5866555e370be822a01dcf85,748.995547,27.655659,710.672824,10.671904,0,748.995547,12,184,163,163,0,-0.1%,True
application-26-after-messages,False,False,328c63821bab14dc14108f300bd62148,787.394861,26.832704,749.505519,11.061533,0,787.394861,12,184,163,163,0,-0.0%,True
application-27-after,True,False,71616deb408bf55d4c2e7fe4ba963d7a,1252.840011,27.758738,1213.813587,11.27251,242.385754,1010.454257,30,464,443,443,0,-0.1%,True
application-27-before,True,False,1e2797d77ff3d8a8a83da6a6878a9f52,1867.949637,27.775308,1829.601438,10.577218,211.581408,1656.368229,30,473,452,452,0,-0.1%,True
application-27-before-messages,False,False,3638b22087b8f4abff3a22abbe17b8b7,903.250258,27.655542,863.721128,11.877362,0,903.250258,12,184,163,163,0,-0.0%,True
application-27-after-messages,False,False,c36ff570e37efb94dce2d3fff20dad13,757.126215,28.397884,717.363031,11.37062,0,757.126215,12,184,163,163,0,-0.0%,True
application-28-before,True,False,07d5cf993257539e5beced473c11cc81,1923.553352,27.004869,1883.584901,12.968355,244.877674,1678.6756779999998,30,473,452,452,0,-0.1%,True
application-28-after,True,False,1735888b6a68d9afa35621af8c443e21,1337.284192,29.036732,1296.788198,11.463303,257.501618,1079.782574,30,464,443,443,0,-0.1%,True
application-28-before-messages,False,False,22bec946e92865c359662eb03038b1c5,747.756943,28.248233,710.371617,9.140749,0,747.756943,12,184,163,163,0,-0.0%,True
application-28-after-messages,False,False,d5d3dec3c8f31013ed74a03a15230a92,862.27289,27.902332,823.823545,10.551394,0,862.27289,12,184,163,163,0,-0.1%,True
application-29-after,True,False,4aac002e12372e060173b49f6a747d62,1208.700793,28.452753,1166.828823,13.423311,218.301548,990.399245,30,464,443,443,0,-0.2%,True
application-29-before,True,False,b87d300b522c0d2edf6891221d740384,2041.068842,27.447739,2002.934311,10.690312,205.488457,1835.580385,30,473,452,452,0,-0.1%,True
application-29-before-messages,False,False,6de887a528738c4da53647543439b55f,773.309841,29.026283,735.212439,9.075626,0,773.309841,12,184,163,163,0,-0.0%,True
application-29-after-messages,False,False,d34a4194d768e93bb70c37345883ebd3,756.487566,27.456288,718.604474,10.431541,0,756.487566,12,184,163,163,0,-0.0%,True
application-30-before,True,False,e027ed79b09aab219fbc3f6b172574b3,1982.57654,27.475204,1943.526467,11.578574,230.348591,1752.227949,30,473,452,452,0,-0.1%,True
application-30-after,True,False,7abf3650358ba20c3bcbec5db6bc76c1,1176.963704,29.433845,1134.540237,12.994764,243.458815,933.504889,30,464,443,443,0,-0.1%,True
application-30-before-messages,False,False,67ef9488bf41ade33420f6a59dca147f,837.629892,28.541951,798.142876,10.947939,0,837.629892,12,184,163,163,0,-0.1%,True
application-30-after-messages,False,False,f33eea38e7badd25076932ca57af973c,795.324344,28.691605,755.956202,10.682262,0,795.324344,12,184,163,163,0,-0.0%,True
library-0-before,True,True,1fb36b59238aa839822cdbf9b51be411,3173.446071,26.686552,3135.544179,11.220304,280.189791,2893.2562799999996,30,533,512,512,0,-0.0%,True
library-0-after,True,True,9508b2fc41432ed7a97d622dbe13648e,1383.870635,27.382425,1344.585672,11.90691,269.828699,1114.041936,30,524,503,503,0,-0.1%,True
library-0-before-messages,False,True,160c9a93e7d49ff8338a072285e8d87f,805.163722,27.232251,767.033505,10.901741,0,805.163722,12,184,163,163,0,-0.0%,True
library-0-after-messages,False,True,69204ac3770132eedaa045c10f53db2d,799.922218,27.567619,761.854735,10.504451,0,799.922218,12,184,163,163,0,-0.1%,True
library-1-after,True,False,9ed8f04e7df1297e97151013087fe444,1485.037705,30.353813,1444.859889,9.827267,258.199087,1226.838618,30,524,503,503,0,-0.1%,True
library-1-before,True,False,7e5035874de11c1a31b1f02712709dc5,3030.254507,27.398365,2990.284332,12.576093,258.302602,2771.951905,30,533,512,512,0,-0.0%,True
library-1-before-messages,False,False,a221e80e363698a40aeea3e5a41f06b3,710.304665,26.473604,673.887319,9.947603,0,710.304665,12,184,163,163,0,-0.1%,True
library-1-after-messages,False,False,5605a9f870c340ca6cdcee2f10d86171,806.860775,27.802581,767.758466,11.303375,0,806.860775,12,184,163,163,0,-0.1%,True
library-2-after,True,False,7a91eb525bce76be9f8656fb855a756f,1511.218246,27.943886,1473.322721,9.956251,255.334888,1255.8833579999998,30,524,503,503,0,-0.1%,True
library-2-before,True,False,aec1625e5f68b7c3e2dbe3f33093131b,3119.148806,28.044268,3080.361198,10.747573,279.657069,2839.4917370000003,30,533,512,512,0,-0.0%,True
library-2-before-messages,False,False,a3c367a12baafe669380396286524490,731.055825,28.558149,691.306914,11.195803,0,731.055825,12,184,163,163,0,-0.1%,True
library-2-after-messages,False,False,915b4302ee16577957f33acd7b60d504,794.172856,27.504638,754.405985,12.265275,0,794.172856,12,184,163,163,0,-0.1%,True
library-3-before,True,False,1e7ea94d9c02eeb5cad42a31dae37026,3110.014238,27.597562,3070.951337,11.473995,273.238853,2836.7753850000004,30,533,512,512,0,-0.0%,True
library-3-after,True,False,b249b935c58c754053791868bbe3f912,1519.368469,28.559825,1478.426313,12.385979,269.985602,1249.382867,30,524,503,503,0,-0.1%,True
library-3-before-messages,False,False,ecb912274c8928a7ec40af5c277ed17f,737.982986,28.954061,698.817105,10.215384,0,737.982986,12,184,163,163,0,-0.1%,True
library-3-after-messages,False,False,3ac1e8bc3847563699480a38995c3e76,704.91585,26.399645,665.898064,12.622476,0,704.91585,12,184,163,163,0,-0.0%,True
library-4-after,True,False,1724cd3c99b45eaa3521304f461e4fb6,1742.370679,28.196166,1701.813278,12.366494,282.409812,1459.9608670000002,30,524,503,503,0,-0.1%,True
library-4-before,True,False,d76d7ac0f31733b7683d786ae1b31ee4,3144.362096,31.461271,3100.689682,12.215987,273.525936,2870.83616,30,533,512,512,0,-0.0%,True
library-4-before-messages,False,False,0bf5f7b2f9ab443bf631ef1e08546367,814.138421,27.732994,776.589451,9.820833,0,814.138421,12,184,163,163,0,-0.0%,True
library-4-after-messages,False,False,54916de3fce895a47c544b0b097169e7,851.250881,26.831917,812.818906,11.603947,0,851.250881,12,184,163,163,0,-0.0%,True
library-5-before,True,False,14d91f87656563d083e6df8722f5681e,3091.452281,26.554473,3053.63213,11.268903,255.309388,2836.1428929999997,30,533,512,512,0,-0.0%,True
library-5-after,True,False,af684a0692db30a6d6483aabdb18de86,1725.240153,28.399323,1686.191927,10.653275,264.00574,1461.234413,30,524,503,503,0,-0.1%,True
library-5-before-messages,False,False,572347c794942bd0f398a1c1d97f6c18,923.760401,27.130823,885.002306,11.631124,0,923.760401,12,184,163,163,0,-0.0%,True
library-5-after-messages,False,False,9b2b3cf7cbb61853f61ef2b033a4217e,829.560772,27.269547,790.028177,12.266548,0,829.560772,12,184,163,163,0,-0.0%,True
library-6-before,True,False,b7b19e43b25877cdb24648be87672529,3071.006042,26.436509,3032.614335,11.960167,274.057229,2796.948813,30,533,512,512,0,-0.0%,True
library-6-after,True,False,b0e8d8d116a91b1bdddd898a535f5c19,1709.434166,26.966833,1671.021307,11.449876,254.136641,1455.297525,30,523,0,503,1,-0.1%,False
library-6-before-messages,False,False,ea663ee873ac53ffa4e6523ade5666c8,847.350557,27.95566,790.627132,28.772165,0,847.350557,12,184,163,163,0,-0.0%,True
library-6-after-messages,False,False,c1a5391ae6eae9450e31d19aca16c54e,818.253969,29.097466,776.99781,12.163247,0,818.253969,12,184,163,163,0,-0.0%,True
library-7-after,True,False,4c073d9562b7afeb2988e8a7ebc6de0b,1747.119212,26.993328,1709.58307,10.547324,261.148963,1485.970249,30,523,0,503,1,-0.1%,False
library-7-before,True,False,15dfb1d79ed68543accf6a33ebf4b04c,2974.806403,27.842098,2934.927713,12.040285,241.661734,2733.1446690000002,30,533,512,512,0,-0.0%,True
library-7-before-messages,False,False,ccee8ade3aa98ca7f5fb725619d0171f,753.287792,27.166886,715.251135,10.874555,0,753.287792,12,184,163,163,0,-0.1%,True
library-7-after-messages,False,False,38c8dd893b4b5d3d6fb6f55f3f48a5b0,809.775555,26.838815,771.686816,11.254582,0,809.775555,12,184,163,163,0,-0.0%,True
library-8-after,True,False,cd691a56b5b5d3d6c911d1ecadfe390e,1631.056779,29.967281,1589.669311,11.424087,278.014554,1353.0422250000001,30,524,503,503,0,-0.1%,True
library-8-before,True,False,67907c6207e032901275e216c4853f26,3166.098324,27.398644,3128.883509,9.820283,259.867294,2906.23103,30,533,512,512,0,-0.0%,True
library-8-before-messages,False,False,1738a9d63cd8b4c669e8f8d241d2446a,710.340721,26.659924,670.980842,12.703272,0,710.340721,12,184,163,163,0,-0.0%,True
library-8-after-messages,False,False,6225aa20a4fc7870babbbe8637d3c3c1,825.793269,27.146414,786.197786,12.453065,0,825.793269,12,184,163,163,0,-0.0%,True
library-9-before,True,False,913041ccf6bcdef60c6e55569db91f26,3299.462425,27.694662,3261.358097,10.414558,272.263134,3027.1992910000004,30,533,512,512,0,-0.0%,True
library-9-after,True,False,c579b6a91881e458ebe042f2bb83aa41,1670.379069,29.27131,1629.75199,11.360865,269.220226,1401.1588430000002,30,524,503,503,0,-0.1%,True
library-9-before-messages,False,False,8c02c732b62caa3c3f21cd5d0ace495e,888.971261,32.75358,846.380428,9.840257,0,888.971261,12,184,163,163,0,-0.0%,True
library-9-after-messages,False,False,110693a7a57e28b321131a83d6292832,754.577578,28.337621,717.521508,8.721506,0,754.577578,12,184,163,163,0,-0.1%,True
library-10-after,True,False,9e825029208ec2e4c1e89e9c763fb756,1555.778051,27.179479,1518.42618,10.175985,290.468412,1265.309639,30,524,503,503,0,-0.1%,True
library-10-before,True,False,416e22976cfd717cbbd201537165974b,3451.701216,29.219682,3410.749363,11.736773,283.264483,3168.436733,30,533,512,512,0,-0.0%,True
library-10-before-messages,False,False,46acbd48ff7b28d8c99dd4cdfc605478,751.181839,42.384681,697.889065,10.912526,0,751.181839,12,184,163,163,0,-0.0%,True
library-10-after-messages,False,False,15e6f4c2de53c9129a09e2646326baa3,906.869135,27.826024,867.556784,11.490438,0,906.869135,12,184,163,163,0,-0.0%,True
library-11-before,True,False,0350d7228b4926f20845b3ed13fd6035,3155.300332,27.811564,3116.274236,11.219877,261.901417,2893.3989149999998,30,533,512,512,0,-0.0%,True
library-11-after,True,False,3a3d3ea2127fc6f17abd394180e8c9e6,1719.169014,29.366705,1679.62841,10.17726,285.884423,1433.284591,30,524,503,503,0,-0.1%,True
library-11-before-messages,False,False,28f9e29babded451d75a2f4ccd140db1,833.176112,30.25887,792.566091,10.355305,0,833.176112,12,184,163,163,0,-0.0%,True
library-11-after-messages,False,False,68c7f6ece343343e768a0d36ae31f467,831.75689,26.886167,795.830126,9.043649,0,831.75689,12,184,163,163,0,-0.1%,True
library-12-before,True,False,0fe11825ec1f68f8b301b675aaa2f504,3160.883753,28.074582,3125.615236,7.197959,263.654379,2897.229374,30,533,512,512,0,-0.0%,True
library-12-after,True,False,91e35b31b605d79ee2d8e1f580dc596a,1527.316801,27.021525,1488.669118,11.63141,251.533618,1275.783183,30,524,503,503,0,-0.1%,True
library-12-before-messages,False,False,95859ae0671d862f5a87165a805a17fe,779.529529,28.068111,739.453362,12.01145,0,779.529529,12,184,163,163,0,-0.0%,True
library-12-after-messages,False,False,fee0b33d74091086df07a152feb880a0,908.53273,27.402824,870.261597,10.871544,0,908.53273,12,184,163,163,0,-0.0%,True
library-13-after,True,False,f705030fb97610a0a2a36dc3e6b8a442,1621.259906,26.803801,1583.518702,10.941167,262.604889,1358.655017,30,524,503,503,0,-0.1%,True
library-13-before,True,False,941301338010c7ccee66bb540f4a9f54,3451.502607,27.879879,3411.309234,12.318151,313.961148,3137.541459,30,533,512,512,0,-0.0%,True
library-13-before-messages,False,False,da07581e1dbb2bea5ac684c633c112e9,746.549597,27.35819,708.241431,10.953766,0,746.549597,12,184,163,163,0,-0.0%,True
library-13-after-messages,False,False,c6c880cb0bc89b94ebc7d3cbd7a18109,916.506472,28.883744,876.046937,11.580188,0,916.506472,12,184,163,163,0,-0.0%,True
library-14-after,True,False,20b87e42996c0c38ac27eda9606d358e,1645.13996,26.717254,1609.458808,8.968227,269.672275,1375.467685,30,523,0,503,1,-0.1%,False
library-14-before,True,False,ef71f70ec488b4f5c5e05750f310b14d,3281.476934,27.777905,3242.951105,10.752269,263.03184,3018.4450939999997,30,533,512,512,0,-0.0%,True
library-14-before-messages,False,False,8f8583f639b166cfbc5b6398a32d7e50,730.771059,29.366216,689.810735,11.599375,0,730.771059,12,184,163,163,0,-0.1%,True
library-14-after-messages,False,False,0d319e4eba2fcb9eed0eab03c7deeb28,798.028345,28.695467,759.562526,9.775173,0,798.028345,12,184,163,163,0,-0.0%,True
library-15-before,True,False,2b6594dd2f1ae0084d80b9e252a3b796,3280.297413,27.794706,3243.483766,9.023741,262.616255,3017.681158,30,533,512,512,0,-0.0%,True
library-15-after,True,False,0549ef579870913f22263dbd9a0c24f4,1749.407988,34.534352,1702.725665,12.152521,259.862495,1489.5454929999999,30,524,503,503,0,-0.1%,True
library-15-before-messages,False,False,21bf2d1b2838425391ad78d45767a218,740.222637,29.971762,698.545472,11.71633,0,740.222637,12,184,163,163,0,-0.0%,True
library-15-after-messages,False,False,ba037f460d9c3ab1585e976e7cfcaab9,805.234927,27.129883,767.642029,10.466853,0,805.234927,12,184,163,163,0,-0.0%,True
library-16-after,True,False,639eeb336ef5718e34544af5ba2dd61d,1802.279012,26.901967,1763.258362,12.122927,344.92906,1457.349952,30,524,503,503,0,-0.1%,True
library-16-before,True,False,bf310ed148a441533496caeace465f9a,3187.508748,27.549536,3149.178276,10.786023,286.80964,2900.6991080000003,30,533,512,512,0,-0.0%,True
library-16-before-messages,False,False,0b9cab2b72a340503a7d641b6281782e,854.740614,27.188205,817.035603,10.520587,0,854.740614,12,184,163,163,0,-0.0%,True
library-16-after-messages,False,False,cf43fb701e874e93223c857ec560f74c,830.590318,28.816195,792.033803,9.74495,0,830.590318,12,184,163,163,0,-0.0%,True
library-17-before,True,False,fff75d246dd0ebe812a698857fab1d46,3029.026729,27.154762,2988.071644,13.803962,259.401572,2769.6251570000004,30,533,512,512,0,-0.0%,True
library-17-after,True,False,7eac3b396c1aac738566ff0a605ea34a,1664.012249,30.075749,1625.695783,8.245395,305.085589,1358.92666,30,524,503,503,0,-0.1%,True
library-17-before-messages,False,False,0a56e7f82afacf57c6faf605baf99a3b,733.627755,27.12372,694.734577,11.774297,0,733.627755,12,184,163,163,0,-0.1%,True
library-17-after-messages,False,False,525342eef130dd1f45c0e27f0629eb1f,721.680629,27.888412,680.993449,12.803582,0,721.680629,12,184,163,163,0,-0.0%,True
library-18-before,True,False,ac827ba6b7019e5152d618e47a261ed0,3251.568231,29.82563,3211.370743,10.378882,274.476364,2977.091867,30,533,512,512,0,-0.0%,True
library-18-after,True,False,f4b9f3643066f0f019ddd8f21b0ae348,1679.678338,26.736765,1640.9111,12.03378,307.512627,1372.1657109999999,30,524,503,503,0,-0.1%,True
library-18-before-messages,False,False,c7935aa794a2fca88cb036ded6bf1355,753.974404,26.982488,714.906112,12.090782,0,753.974404,12,184,163,163,0,-0.0%,True
library-18-after-messages,False,False,ebc1cbfcf512f5988c9c751842e745a9,849.001768,28.112746,813.116222,7.777115,0,849.001768,12,184,163,163,0,-0.1%,True
library-19-after,True,False,b68695bbbc2b0d1f85a4d474b08dd8d3,1571.682443,26.915465,1533.833677,10.937437,280.737957,1290.9444859999999,30,524,503,503,0,-0.1%,True
library-19-before,True,False,e519ff36495500d79eac4fdb07de619b,3219.018205,27.77807,3179.020577,12.225133,248.744702,2970.273503,30,533,512,512,0,-0.0%,True
library-19-before-messages,False,False,10e7175dc2ffb4859202e31dbcfe83c6,791.961355,27.031427,753.801996,11.132698,0,791.961355,12,184,163,163,0,-0.1%,True
library-19-after-messages,False,False,1a374280f7ac76ba44e8b20d1dab2630,826.446864,27.934203,788.105559,10.411464,0,826.446864,12,184,163,163,0,-0.0%,True
library-20-after,True,False,5ecb8a962d6d562e089ab81de152219d,1589.916897,27.521453,1550.290007,12.108799,268.145399,1321.771498,30,524,503,503,0,-0.1%,True
library-20-before,True,False,f83de50956292fc50ecb281c490002d4,2979.962065,27.028451,2943.511636,9.42603,267.881898,2712.080167,30,533,512,512,0,-0.0%,True
library-20-before-messages,False,False,f87565e467bd59c819ec1c16d357b1f3,780.728069,29.766033,738.22697,12.740077,0,780.728069,12,184,163,163,0,-0.1%,True
library-20-after-messages,False,False,5005d83cb891e1d49ac7c03be512fba0,772.841404,26.54101,731.06335,15.241358,0,772.841404,12,184,163,163,0,-0.0%,True
library-21-before,True,False,a6156ffa35e74431797d07280847bf86,3208.684682,27.455439,3160.581508,20.652491,290.908079,2917.7766030000003,30,532,0,512,1,-0.0%,False
library-21-after,True,False,3bfaee63010b16d2329a6422b759f5a7,1582.777084,38.487793,1533.941741,10.351865,281.298985,1301.478099,30,524,503,503,0,-0.1%,True
library-21-before-messages,False,False,a5568ec85abb741a3c35717995a07104,766.675796,28.53353,728.6899,9.456244,0,766.675796,12,184,163,163,0,-0.1%,True
library-21-after-messages,False,False,1a7af3badc85ef099011e5dca79e379b,769.547104,27.0175,731.25547,11.277965,0,769.547104,12,184,163,163,0,-0.0%,True
library-22-after,True,False,61f6632fc279659a7030b0f708a9f952,1662.009667,28.229217,1621.303005,12.481432,289.191098,1372.818569,30,524,503,503,0,-0.0%,True
library-22-before,True,False,9eb0f05e59fb0198f9543eb7d9afde63,3172.551247,26.889696,3134.601201,11.065126,262.988744,2909.562503,30,533,512,512,0,-0.0%,True
library-22-before-messages,False,False,7cc35990285aea9bc387f9677a0cc9bd,836.458309,26.943713,801.04433,8.473022,0,836.458309,12,184,163,163,0,-0.0%,True
library-22-after-messages,False,False,37b86cec82c7a29f3212f0e89ebd01b6,712.92145,28.069034,673.987261,10.86908,0,712.92145,12,184,163,163,0,-0.1%,True
library-23-before,True,False,c50f42f829b305a54d47db70a8749747,3105.287818,27.703291,3061.78764,15.800991,263.47238,2841.8154379999996,30,533,512,512,0,-0.0%,True
library-23-after,True,False,6e9961978cd7ac3f810048d9919891dc,1593.159148,28.159512,1553.979085,11.024565,288.798822,1304.360326,30,524,503,503,0,-0.1%,True
library-23-before-messages,False,False,ddb9143393c63eeab7246f62ae2050ff,727.415193,27.573691,686.881843,12.963943,0,727.415193,12,184,163,163,0,-0.0%,True
library-23-after-messages,False,False,40ea0fadf3d341550dff35c95baa9cbc,730.61096,35.863243,683.617021,11.135362,0,730.61096,12,184,163,163,0,-0.1%,True
library-24-before,True,False,14c6b37c699413cc35e4a378a84222e4,3110.709133,26.845832,3073.047814,10.81908,279.821127,2830.8880059999997,30,533,512,512,0,-0.0%,True
library-24-after,True,False,ce6aa8894ddd14da94e77ae714086e5f,1609.507156,28.050884,1574.609612,6.851758,272.745987,1336.7611689999999,30,524,503,503,0,-0.1%,True
library-24-before-messages,False,False,5fa582e3a2fe13c6850330cfafa599ff,722.873783,28.475493,683.066307,11.336636,0,722.873783,12,184,163,163,0,-0.0%,True
library-24-after-messages,False,False,a86734e8028ec2424274b452a191044f,741.39864,27.614893,704.901888,8.885709,0,741.39864,12,184,163,163,0,-0.0%,True
library-25-after,True,False,a0bc463891fcdfb16270ecd0053863db,1478.040619,31.527279,1436.67331,9.844602,246.806282,1231.234337,30,524,503,503,0,-0.1%,True
library-25-before,True,False,f2750b6ca5c501dff0eb97dd895fced0,3203.477013,29.383408,3163.904143,10.194943,264.142964,2939.334049,30,533,512,512,0,-0.0%,True
library-25-before-messages,False,False,522740c7d45d2a37a00b9802f79d775a,729.561286,27.557577,690.052758,11.954989,0,729.561286,12,184,163,163,0,-0.0%,True
library-25-after-messages,False,False,8c5b4845dc317020e628faddfd97974b,823.392599,27.298772,786.012837,10.085493,0,823.392599,12,184,163,163,0,-0.0%,True
library-26-after,True,False,5cc563f6bacfd8944b04308fa4284e2a,1480.492492,30.080373,1438.666964,11.749369,270.641557,1209.8509350000002,30,524,503,503,0,-0.1%,True
library-26-before,True,False,c1a269b23dae118b667a7b140998a053,3014.273427,27.020758,2969.578429,17.679408,269.627817,2744.64561,30,533,512,512,0,-0.0%,True
library-26-before-messages,False,False,84e0a0cb36d2260aa0ce733a09de6012,772.976944,54.051805,707.680869,11.248113,0,772.976944,12,184,163,163,0,-0.0%,True
library-26-after-messages,False,False,b3ceee37565bbcdb08b5b160f5ade8d0,822.23003,29.067713,784.200629,8.965457,0,822.23003,12,184,163,163,0,-0.0%,True
library-27-before,True,False,e55714c252e8c8cfdbeeb3fe8e7fb3af,3082.581381,28.634647,3042.831875,11.119735,285.245605,2797.335776,30,533,512,512,0,-0.0%,True
library-27-after,True,False,b955f0cd304765493b94710ed84ab096,1595.012245,28.188033,1554.576444,12.252101,269.637138,1325.3751069999998,30,523,0,503,1,-0.1%,False
library-27-before-messages,False,False,06dcb69069a11a7928dadab91e6fbd43,900.01757,26.823941,860.317715,12.879685,0,900.01757,12,184,163,163,0,-0.0%,True
library-27-after-messages,False,False,d5f21de9c0e4e1b0a16234ce57de4440,726.695145,28.933767,684.209094,13.555904,0,726.695145,12,184,163,163,0,-0.1%,True
library-28-after,True,False,98fd1c5b4cd1cc66d0babf961cbf19f4,1639.123131,28.239025,1600.673667,10.214205,252.853146,1386.2699850000001,30,524,503,503,0,-0.1%,True
library-28-before,True,False,6ad298d4c6d9549972d560d517d99804,3046.186137,28.451678,3005.537472,12.201562,250.484272,2795.701865,30,533,512,512,0,-0.0%,True
library-28-before-messages,False,False,e68ef1d67e61e2bd26477ee3338bfcfe,872.962562,34.702783,828.218377,10.045398,0,872.962562,12,184,163,163,0,-0.1%,True
library-28-after-messages,False,False,996fa98653deb67efe0685694bba129d,799.023535,26.972352,760.858401,11.19742,0,799.023535,12,184,163,163,0,-0.0%,True
library-29-before,True,False,f86efe01752a9860f1440809f366a0d6,3135.466978,27.266936,3096.907607,11.29756,256.929874,2878.537104,30,533,512,512,0,-0.0%,True
library-29-after,True,False,9959d89f67e0b70ba1ab933a221b1d11,1751.880368,30.118925,1712.589301,9.17611,292.20586,1459.674508,30,524,503,503,0,-0.1%,True
library-29-before-messages,False,False,1be0bf73c49dd8923c603c4babc46924,793.647267,28.959491,752.466845,12.225429,0,793.647267,12,184,163,163,0,-0.0%,True
library-29-after-messages,False,False,dac0b3b50ed6955508a262a599c9e105,848.004399,28.170101,809.213371,10.624996,0,848.004399,12,184,163,163,0,-0.0%,True
library-30-before,True,False,5eddb16a63ca281a99b2b8e256bb4498,2942.448628,31.354271,2900.380684,10.718114,281.761288,2660.68734,30,533,512,512,0,-0.0%,True
library-30-after,True,False,599008dcc1a62e69c6cc3ebf04ac8014,1851.050775,28.566276,1812.308429,10.182033,264.373211,1586.6775639999998,30,524,503,503,0,-0.1%,True
library-30-before-messages,False,False,b48e7abb7848b8ef952d01642cd72181,857.882886,35.80354,812.554658,9.529212,0,857.882886,12,184,163,163,0,-0.0%,True
library-30-after-messages,False,False,53dd6d44bf3ade6a3efcd3099094452a,719.465595,27.886657,679.15572,12.427908,0,719.465595,12,184,163,163,0,-0.1%,True
